{
"type": "FeatureCollection",
"name": "albergues_1",
"crs": { "type": "name", "properties": { "name": "urn:ogc:def:crs:EPSG::6370" } },
"features": [
{ "type": "Feature", "properties": { "name": "ESC. SEC. GRAL. VICENTE GUERRERO", "CAPACIDAD (PERSONAS)": "120.0", "LATITUD (GMS)": "17°48'29.03\" N", "LONGITUD (GMS)": "91°32'20.70\" W", "MUNICIPIO": "BALANCAN", "SUSCEPTIBILIDAD": "MEDIO" }, "geometry": { "type": "Point", "coordinates": [ 654836.651271135546267, 1969554.48508841288276, 0.0 ] } },
{ "type": "Feature", "properties": { "name": "CBTA82", "CAPACIDAD (PERSONAS)": "200.0", "LATITUD (GMS)": "17°49'10.77\" N", "LONGITUD (GMS)": "91°31'48.88\" W", "MUNICIPIO": "BALANCAN", "SUSCEPTIBILIDAD": "MEDIO" }, "geometry": { "type": "Point", "coordinates": [ 655763.545644914964214, 1970844.900496339658275, 0.0 ] } },
{ "type": "Feature", "properties": { "name": "COLEGIO DE BACHILLERES DE TABASCO 36", "CAPACIDAD (PERSONAS)": "200.0", "LATITUD (GMS)": "17°55'52.27\" N", "LONGITUD (GMS)": "91°33'26.22\" W", "MUNICIPIO": "BALANCAN", "SUSCEPTIBILIDAD": "MEDIO" }, "geometry": { "type": "Point", "coordinates": [ 652802.072863436187617, 1983164.642711813095957, 0.0 ] } },
{ "type": "Feature", "properties": { "name": "INSTITUTO TECNOLÓGICO", "CAPACIDAD (PERSONAS)": "120.0", "LATITUD (GMS)": "17°49'58.08\" N", "LONGITUD (GMS)": "91°31'47.13\" W", "MUNICIPIO": "BALANCAN", "SUSCEPTIBILIDAD": "MEDIO" }, "geometry": { "type": "Point", "coordinates": [ 655803.645706472685561, 1972299.613849424989894, 0.0 ] } },
{ "type": "Feature", "properties": { "name": "ESC. NORMAL URBANA (ENU)", "CAPACIDAD (PERSONAS)": "150.0", "LATITUD (GMS)": "17°48'18.37\" N", "LONGITUD (GMS)": "91°32'28.19\" W", "MUNICIPIO": "BALANCAN", "SUSCEPTIBILIDAD": "MEDIO" }, "geometry": { "type": "Point", "coordinates": [ 654618.654571348102763, 1969225.07983718928881, 0.0 ] } },
{ "type": "Feature", "properties": { "name": "EMSAD NO. 8", "CAPACIDAD (PERSONAS)": "60.0", "LATITUD (GMS)": "17°58'55.28\" N", "LONGITUD (GMS)": "91°23'19.41\" W", "MUNICIPIO": "BALANCAN", "SUSCEPTIBILIDAD": "BAJO" }, "geometry": { "type": "Point", "coordinates": [ 670609.39623293839395, 1988937.28975488152355, 0.0 ] } },
{ "type": "Feature", "properties": { "name": "EMSAD NO. 15", "CAPACIDAD (PERSONAS)": "60.0", "LATITUD (GMS)": "17°36'46.20\" N", "LONGITUD (GMS)": "91°03'48.41\" W", "MUNICIPIO": "BALANCAN", "SUSCEPTIBILIDAD": "BAJO" }, "geometry": { "type": "Point", "coordinates": [ 705483.453708013868891, 1948402.808998404769227, 0.0 ] } },
{ "type": "Feature", "properties": { "name": "TELESECUNDARIA ROSARIO MARÍA GUTIÉRREZ EZKILZEN", "CAPACIDAD (PERSONAS)": "100.0", "LATITUD (GMS)": "17°46'02.41\" N", "LONGITUD (GMS)": "91°38'01.79\" W", "MUNICIPIO": "BALANCAN", "SUSCEPTIBILIDAD": "ALTO" }, "geometry": { "type": "Point", "coordinates": [ 644825.999890203587711, 1964971.776088238228112, 0.0 ] } },
{ "type": "Feature", "properties": { "name": "EMSAD NO. 09", "CAPACIDAD (PERSONAS)": "60.0", "LATITUD (GMS)": "17°44'15.76\" N", "LONGITUD (GMS)": "91°26'47.27\" W", "MUNICIPIO": "BALANCAN", "SUSCEPTIBILIDAD": "MEDIO" }, "geometry": { "type": "Point", "coordinates": [ 664719.376845884835348, 1961847.772088904632255, 0.0 ] } },
{ "type": "Feature", "properties": { "name": "ESC. SECUNDARIA ESTATAL NETZAHUALCÓYOTL", "CAPACIDAD (PERSONAS)": "70.0", "LATITUD (GMS)": "17°42'04.41\" N", "LONGITUD (GMS)": "91°29'03.07\" W", "MUNICIPIO": "BALANCAN", "SUSCEPTIBILIDAD": "MEDIO" }, "geometry": { "type": "Point", "coordinates": [ 660751.484512355062179, 1957777.394676123745739, 0.0 ] } },
{ "type": "Feature", "properties": { "name": "CBTA 82", "CAPACIDAD (PERSONAS)": "200.0", "LATITUD (GMS)": "17°49'11.61\" N", "LONGITUD (GMS)": "91°31'48.61\" W", "MUNICIPIO": "BALANCAN", "SUSCEPTIBILIDAD": "MEDIO" }, "geometry": { "type": "Point", "coordinates": [ 655771.292754466179758, 1970870.784486957127228, 0.0 ] } },
{ "type": "Feature", "properties": { "name": "INSTITUTO TECNOLÓGICO SUPERIOR DE LOS RÍOS", "CAPACIDAD (PERSONAS)": "200.0", "LATITUD (GMS)": "17°49'58.08\" N", "LONGITUD (GMS)": "91°31'47.13\" W", "MUNICIPIO": "BALANCAN", "SUSCEPTIBILIDAD": "MEDIO" }, "geometry": { "type": "Point", "coordinates": [ 655803.645706472685561, 1972299.613849424989894, 0.0 ] } },
{ "type": "Feature", "properties": { "name": "ESCUELA NORMAL URBANA(ENU)", "CAPACIDAD (PERSONAS)": "150.0", "LATITUD (GMS)": "17°48'18.37\" N", "LONGITUD (GMS)": "91°32'28.19\" W", "MUNICIPIO": "BALANCAN", "SUSCEPTIBILIDAD": "MEDIO" }, "geometry": { "type": "Point", "coordinates": [ 654618.654571348102763, 1969225.07983718928881, 0.0 ] } },
{ "type": "Feature", "properties": { "name": "EMSAD NO.8", "CAPACIDAD (PERSONAS)": "60.0", "LATITUD (GMS)": "17°58'55.28\" N", "LONGITUD (GMS)": "91°23'19.41\" W", "MUNICIPIO": "BALANCAN", "SUSCEPTIBILIDAD": "MEDIO" }, "geometry": { "type": "Point", "coordinates": [ 670609.39623293839395, 1988937.28975488152355, 0.0 ] } },
{ "type": "Feature", "properties": { "name": "ESCUELA SECUNDARIA ESTATAL NETZAHUALCÓYOTL", "CAPACIDAD (PERSONAS)": "70.0", "LATITUD (GMS)": "17°42'04.41\" N", "LONGITUD (GMS)": "91°29'03.07\" W", "MUNICIPIO": "BALANCAN", "SUSCEPTIBILIDAD": "MEDIO" }, "geometry": { "type": "Point", "coordinates": [ 660751.484512355062179, 1957777.394676123745739, 0.0 ] } },
{ "type": "Feature", "properties": { "name": "UNIVERSIDAD POPULAR DE LA CHONTALPA", "CAPACIDAD (PERSONAS)": "2000.0", "LATITUD (GMS)": "17°57'39.46\" N", "LONGITUD (GMS)": "93°21'57.00\" W", "MUNICIPIO": "CARDENAS", "SUSCEPTIBILIDAD": "ALTO" }, "geometry": { "type": "Point", "coordinates": [ 461263.197010527190287, 1985904.575150284217671, 0.0 ] } },
{ "type": "Feature", "properties": { "name": "ESC. PRIMARIA FEDERAL LAZARO CARDENAS DEL RIO", "CAPACIDAD (PERSONAS)": "180.0", "LATITUD (GMS)": "17°58'03.06\" N", "LONGITUD (GMS)": "93°22'24.70\" W", "MUNICIPIO": "CARDENAS", "SUSCEPTIBILIDAD": "MEDIO" }, "geometry": { "type": "Point", "coordinates": [ 460449.908443061518483, 1986631.487328400602564, 0.0 ] } },
{ "type": "Feature", "properties": { "name": "CBTIS 93", "CAPACIDAD (PERSONAS)": "200.0", "LATITUD (GMS)": "17°58'34.44\" N", "LONGITUD (GMS)": "93°21'30.12\" W", "MUNICIPIO": "CARDENAS", "SUSCEPTIBILIDAD": "MEDIO" }, "geometry": { "type": "Point", "coordinates": [ 462057.084887770179193, 1987592.71515471348539, 0.0 ] } },
{ "type": "Feature", "properties": { "name": "CECATI No. 44.", "CAPACIDAD (PERSONAS)": "100.0", "LATITUD (GMS)": "17°58'24.93\" N", "LONGITUD (GMS)": "93°21'34.65\" W", "MUNICIPIO": "CARDENAS", "SUSCEPTIBILIDAD": "BAJO" }, "geometry": { "type": "Point", "coordinates": [ 461923.288335518911481, 1987300.705111080547795, 0.0 ] } },
{ "type": "Feature", "properties": { "name": "COBATAB No. 35", "CAPACIDAD (PERSONAS)": "350.0", "LATITUD (GMS)": "17°58'46.22\" N", "LONGITUD (GMS)": "93°22'58.19\" W", "MUNICIPIO": "CARDENAS", "SUSCEPTIBILIDAD": "MEDIO" }, "geometry": { "type": "Point", "coordinates": [ 459467.629230663762428, 1987959.917564656818286, 0.0 ] } },
{ "type": "Feature", "properties": { "name": "COBATAB No. 5", "CAPACIDAD (PERSONAS)": "500.0", "LATITUD (GMS)": "17°59'22.89\" N", "LONGITUD (GMS)": "93°23'32.76\" W", "MUNICIPIO": "CARDENAS", "SUSCEPTIBILIDAD": "BAJO" }, "geometry": { "type": "Point", "coordinates": [ 458453.301017305988353, 1989089.012361710658297, 0.0 ] } },
{ "type": "Feature", "properties": { "name": "ESC. SEC. “RICARDO FLORES MAGON”.", "CAPACIDAD (PERSONAS)": "400.0", "LATITUD (GMS)": "17°59'37.15\" N", "LONGITUD (GMS)": "93°23'00.76\" W", "MUNICIPIO": "CARDENAS", "SUSCEPTIBILIDAD": "BAJO" }, "geometry": { "type": "Point", "coordinates": [ 459395.280500125372782, 1989525.293737830128521, 0.0 ] } },
{ "type": "Feature", "properties": { "name": "ESC. PRIMARIA JUAN ARTURO SÁNCHEZ MONTIEL.", "CAPACIDAD (PERSONAS)": "350.0", "LATITUD (GMS)": "17°59'47.40\" N", "LONGITUD (GMS)": "93°23'02.96\" W", "MUNICIPIO": "CARDENAS", "SUSCEPTIBILIDAD": "MEDIO" }, "geometry": { "type": "Point", "coordinates": [ 459331.235685568768531, 1989840.438850739970803, 0.0 ] } },
{ "type": "Feature", "properties": { "name": "ESC. PRIMARIA PROF. MARCOS GUTIERREZ.", "CAPACIDAD (PERSONAS)": "200.0", "LATITUD (GMS)": "17°59'27.69\" N", "LONGITUD (GMS)": "93°22'27.52\" W", "MUNICIPIO": "CARDENAS", "SUSCEPTIBILIDAD": "MEDIO" }, "geometry": { "type": "Point", "coordinates": [ 460372.211050243291538, 1989232.564688789425418, 0.0 ] } },
{ "type": "Feature", "properties": { "name": "ESC. PRIMARIA CENTENARIO H. CÁRDENAS.", "CAPACIDAD (PERSONAS)": "200.0", "LATITUD (GMS)": "17°59'51.01\" N", "LONGITUD (GMS)": "93°22'20.75\" W", "MUNICIPIO": "CARDENAS", "SUSCEPTIBILIDAD": "MEDIO" }, "geometry": { "type": "Point", "coordinates": [ 460572.744257633632515, 1989948.852042635669932, 0.0 ] } },
{ "type": "Feature", "properties": { "name": "COLEGIO OLGA PRIEGO DE CITRÓN.", "CAPACIDAD (PERSONAS)": "240.0", "LATITUD (GMS)": "18°00'05.53\" N", "LONGITUD (GMS)": "93°22'08.40\" W", "MUNICIPIO": "CARDENAS", "SUSCEPTIBILIDAD": "MEDIO" }, "geometry": { "type": "Point", "coordinates": [ 460936.811237704532687, 1990394.365841077640653, 0.0 ] } },
{ "type": "Feature", "properties": { "name": "ESC. PRIMARIA MELCHOR OCAMPO.", "CAPACIDAD (PERSONAS)": "240.0", "LATITUD (GMS)": "18°01'09.28\" N", "LONGITUD (GMS)": "93°22'04.48\" W", "MUNICIPIO": "CARDENAS", "SUSCEPTIBILIDAD": "MEDIO" }, "geometry": { "type": "Point", "coordinates": [ 461055.974667201458942, 1992353.35296436981298, 0.0 ] } },
{ "type": "Feature", "properties": { "name": "ESC. SEC. FED. FRANCISCO J. SANTA MARÍA.", "CAPACIDAD (PERSONAS)": "200.0", "LATITUD (GMS)": "17°58'54.13\" N", "LONGITUD (GMS)": "93°22'12.84\" W", "MUNICIPIO": "CARDENAS", "SUSCEPTIBILIDAD": "BAJO" }, "geometry": { "type": "Point", "coordinates": [ 460801.866545204713475, 1988200.307741211960092, 0.0 ] } },
{ "type": "Feature", "properties": { "name": "ESC. URB. FED. “ANDRES SANCHEZ MAGALLANES", "CAPACIDAD (PERSONAS)": "500.0", "LATITUD (GMS)": "18°17'38.40\" N", "LONGITUD (GMS)": "93°51'49.00\" W", "MUNICIPIO": "CARDENAS", "SUSCEPTIBILIDAD": "MEDIO" }, "geometry": { "type": "Point", "coordinates": [ 408725.771773972548544, 2022928.988360707182437, 0.0 ] } },
{ "type": "Feature", "properties": { "name": "C.B.T.A. NO. 200", "CAPACIDAD (PERSONAS)": "500.0", "LATITUD (GMS)": "18°16'42.90\" N", "LONGITUD (GMS)": "93°53'22.85\" W", "MUNICIPIO": "CARDENAS", "SUSCEPTIBILIDAD": "BAJO" }, "geometry": { "type": "Point", "coordinates": [ 405962.029056029510684, 2021236.365759218111634, 0.0 ] } },
{ "type": "Feature", "properties": { "name": "COBATAB Nº17", "CAPACIDAD (PERSONAS)": "150.0", "LATITUD (GMS)": "18°11'00.30\" N", "LONGITUD (GMS)": "93°54'48.64\" W", "MUNICIPIO": "CARDENAS", "SUSCEPTIBILIDAD": "MEDIO" }, "geometry": { "type": "Point", "coordinates": [ 403390.473708762146998, 2010718.592807297362015, 0.0 ] } },
{ "type": "Feature", "properties": { "name": "ESC. SEC. No. 38", "CAPACIDAD (PERSONAS)": "300.0", "LATITUD (GMS)": "18°10'30.10\" N", "LONGITUD (GMS)": "93°34'12.54\" W", "MUNICIPIO": "CARDENAS", "SUSCEPTIBILIDAD": "MEDIO" }, "geometry": { "type": "Point", "coordinates": [ 439701.446199708851054, 2009643.694038016721606, 0.0 ] } },
{ "type": "Feature", "properties": { "name": "ESC. SEC. TEC. No. 33", "CAPACIDAD (PERSONAS)": "400.0", "LATITUD (GMS)": "18°10'14.50\" N", "LONGITUD (GMS)": "93°29'38.84\" W", "MUNICIPIO": "CARDENAS", "SUSCEPTIBILIDAD": "BAJO" }, "geometry": { "type": "Point", "coordinates": [ 447740.960420756193344, 2009140.953148761996999, 0.0 ] } },
{ "type": "Feature", "properties": { "name": "COLEGIO DE BACHILLERES PLANTEL 12", "CAPACIDAD (PERSONAS)": "184.0", "LATITUD (GMS)": "18°32'08.72\" N", "LONGITUD (GMS)": "92°38'37.11\" W", "MUNICIPIO": "CENTLA", "SUSCEPTIBILIDAD": "MEDIO" }, "geometry": { "type": "Point", "coordinates": [ 537609.658363981172442, 2049498.288018408697098, 0.0 ] } },
{ "type": "Feature", "properties": { "name": "ESC.PRIM. JOAQUIN PEDRERO CORDOVA", "CAPACIDAD (PERSONAS)": "147.0", "LATITUD (GMS)": "18°31'28.53\" N", "LONGITUD (GMS)": "92°39'02.83\" W", "MUNICIPIO": "CENTLA", "SUSCEPTIBILIDAD": "MEDIO" }, "geometry": { "type": "Point", "coordinates": [ 536858.026778415776789, 2048261.595986287109554, 0.0 ] } },
{ "type": "Feature", "properties": { "name": "COLEGIO DE BACHILLERES PLANTEL 18", "CAPACIDAD (PERSONAS)": "350.0", "LATITUD (GMS)": "18°23'21.85\" N", "LONGITUD (GMS)": "92°53'20.31\" W", "MUNICIPIO": "CENTLA", "SUSCEPTIBILIDAD": "MEDIO" }, "geometry": { "type": "Point", "coordinates": [ 511727.335822924796958, 2033272.007665675366297, 0.0 ] } },
{ "type": "Feature", "properties": { "name": "ESC. LEON ALEJO TORRE", "CAPACIDAD (PERSONAS)": "156.0", "LATITUD (GMS)": "18°32'03.50\" N", "LONGITUD (GMS)": "92°38'54.39\" W", "MUNICIPIO": "CENTLA", "SUSCEPTIBILIDAD": "ALTO" }, "geometry": { "type": "Point", "coordinates": [ 537103.379540242836811, 2049336.859363720752299, 0.0 ] } },
{ "type": "Feature", "properties": { "name": "ESC. PRIM. ALBERTO CORREA ZAPATA", "CAPACIDAD (PERSONAS)": "168.0", "LATITUD (GMS)": "18°31'51.38\" N", "LONGITUD (GMS)": "92°39'01.65\" W", "MUNICIPIO": "CENTLA", "SUSCEPTIBILIDAD": "MEDIO" }, "geometry": { "type": "Point", "coordinates": [ 536891.261222724453546, 2048963.944215393392369, 0.0 ] } },
{ "type": "Feature", "properties": { "name": "ESC. PRIM. NARCISO MENDOZA", "CAPACIDAD (PERSONAS)": "84.0", "LATITUD (GMS)": "18°37'16.92\" N", "LONGITUD (GMS)": "92°34'42.42\" W", "MUNICIPIO": "CENTLA", "SUSCEPTIBILIDAD": "BAJO" }, "geometry": { "type": "Point", "coordinates": [ 544467.800762147060595, 2058985.595692646922544, 0.0 ] } },
{ "type": "Feature", "properties": { "name": "ESC. PRIM. GABRIEL LEYVA SOLANO", "CAPACIDAD (PERSONAS)": "96.0", "LATITUD (GMS)": "18°30'22.59\" N", "LONGITUD (GMS)": "92°42'00.07\" W", "MUNICIPIO": "CENTLA", "SUSCEPTIBILIDAD": "MUY BAJO" }, "geometry": { "type": "Point", "coordinates": [ 531664.988071301486343, 2046225.626525920582935, 0.0 ] } },
{ "type": "Feature", "properties": { "name": "PREESC. IND. RAMON MENDOZA HERRERA", "CAPACIDAD (PERSONAS)": "280.0", "LATITUD (GMS)": "18°01'13.00\" N", "LONGITUD (GMS)": "92°54'03.87\" W", "MUNICIPIO": "CENTLA", "SUSCEPTIBILIDAD": "ALTO" }, "geometry": { "type": "Point", "coordinates": [ 510471.266370297875255, 1992431.795426645549014, 0.0 ] } },
{ "type": "Feature", "properties": { "name": "ESC. PRIM. GRAL. EMILIANO ZAPATA", "CAPACIDAD (PERSONAS)": "126.0", "LATITUD (GMS)": "18°23'34.30\" N", "LONGITUD (GMS)": "92°50'41.75\" W", "MUNICIPIO": "CENTLA", "SUSCEPTIBILIDAD": "ALTO" }, "geometry": { "type": "Point", "coordinates": [ 516379.338421235384885, 2033658.049076033988968, 0.0 ] } },
{ "type": "Feature", "properties": { "name": "ESC. PRIM. FELIPE CARRILLO PTO.", "CAPACIDAD (PERSONAS)": "48.0", "LATITUD (GMS)": "18°24'24.41\" N", "LONGITUD (GMS)": "92°58'22.39\" W", "MUNICIPIO": "CENTLA", "SUSCEPTIBILIDAD": "MUY BAJO" }, "geometry": { "type": "Point", "coordinates": [ 502863.694181424507406, 2035191.326598511543125, 0.0 ] } },
{ "type": "Feature", "properties": { "name": "COLEGIO DE BACHILLERES PLANTEL NO. 43", "CAPACIDAD (PERSONAS)": "100.0", "LATITUD (GMS)": "18°20'29.27\" N", "LONGITUD (GMS)": "92°48'01.75\" W", "MUNICIPIO": "CENTLA", "SUSCEPTIBILIDAD": "MEDIO" }, "geometry": { "type": "Point", "coordinates": [ 521080.07293913589092, 2027975.998585307737812, 0.0 ] } },
{ "type": "Feature", "properties": { "name": "ESC. PRIM. FRANCISCO J. SANTAMARIA", "CAPACIDAD (PERSONAS)": "40.0", "LATITUD (GMS)": "18°24'07.40\" N", "LONGITUD (GMS)": "92°57'32.37\" W", "MUNICIPIO": "CENTLA", "SUSCEPTIBILIDAD": "MEDIO" }, "geometry": { "type": "Point", "coordinates": [ 504331.305392436217517, 2034668.824304390931502, 0.0 ] } },
{ "type": "Feature", "properties": { "name": "ESC. PRIMARIA BILINGÜE DR. ANDRES IDUARTE FOUCHER", "CAPACIDAD (PERSONAS)": "30.0", "LATITUD (GMS)": "18°20'11.73\" N", "LONGITUD (GMS)": "92°46'42.36\" W", "MUNICIPIO": "CENTLA", "SUSCEPTIBILIDAD": "MEDIO" }, "geometry": { "type": "Point", "coordinates": [ 523410.771849519049283, 2027439.626899900380522, 0.0 ] } },
{ "type": "Feature", "properties": { "name": "SEC. FED. ROSARIO MA. GUTIERREZ ESKILDSEN", "CAPACIDAD (PERSONAS)": "30.0", "LATITUD (GMS)": "18°24'10.60\" N", "LONGITUD (GMS)": "92°56'53.01\" W", "MUNICIPIO": "CENTLA", "SUSCEPTIBILIDAD": "MEDIO" }, "geometry": { "type": "Point", "coordinates": [ 505486.057534495310392, 2034767.467368673766032, 0.0 ] } },
{ "type": "Feature", "properties": { "name": "ESC. PRIM. INDIGENA NETZAHUACOYOTL", "CAPACIDAD (PERSONAS)": "30.0", "LATITUD (GMS)": "18°14'11.75\" N", "LONGITUD (GMS)": "93°01'59.76\" W", "MUNICIPIO": "CENTLA", "SUSCEPTIBILIDAD": "MUY BAJO" }, "geometry": { "type": "Point", "coordinates": [ 496483.029725279426202, 2016362.379788634367287, 0.0 ] } },
{ "type": "Feature", "properties": { "name": "ESC. TELESECUNDARIA IGNACIO ZARAGOZA", "CAPACIDAD (PERSONAS)": "30.0", "LATITUD (GMS)": "18°24'17.60\" N", "LONGITUD (GMS)": "92°57'30.89\" W", "MUNICIPIO": "CENTLA", "SUSCEPTIBILIDAD": "ALTO" }, "geometry": { "type": "Point", "coordinates": [ 504374.655461623275187, 2034982.316390545107424, 0.0 ] } },
{ "type": "Feature", "properties": { "name": "Escuela Primaria Niños Héroes", "CAPACIDAD (PERSONAS)": "230.0", "LATITUD (GMS)": "18°01'32.85\" N", "LONGITUD (GMS)": "92°54'00.19\" W", "MUNICIPIO": "CENTRO", "SUSCEPTIBILIDAD": "MEDIO" }, "geometry": { "type": "Point", "coordinates": [ 510579.140002030646428, 1993041.890976496972144, 0.0 ] } },
{ "type": "Feature", "properties": { "name": "CETIS 70", "CAPACIDAD (PERSONAS)": "450.0", "LATITUD (GMS)": "18°01'49.19\" N", "LONGITUD (GMS)": "92°54'10.31\" W", "MUNICIPIO": "CENTRO", "SUSCEPTIBILIDAD": "MEDIO" }, "geometry": { "type": "Point", "coordinates": [ 510281.327869839617051, 1993543.89969921624288, 0.0 ] } },
{ "type": "Feature", "properties": { "name": "Instituto Tecnológico de Villahermosa", "CAPACIDAD (PERSONAS)": "700.0", "LATITUD (GMS)": "18°01'24.50\" N", "LONGITUD (GMS)": "92°54'12.69\" W", "MUNICIPIO": "CENTRO", "SUSCEPTIBILIDAD": "MUY ALTO" }, "geometry": { "type": "Point", "coordinates": [ 510211.748192570870742, 1992785.080759000265971, 0.0 ] } },
{ "type": "Feature", "properties": { "name": "Escuela Primaria Luz Loreto", "CAPACIDAD (PERSONAS)": "50.0", "LATITUD (GMS)": "17°58'32.53\" N", "LONGITUD (GMS)": "92°56'00.14\" W", "MUNICIPIO": "CENTRO", "SUSCEPTIBILIDAD": "MEDIO" }, "geometry": { "type": "Point", "coordinates": [ 507054.357815405062865, 1987498.660930425859988, 0.0 ] } },
{ "type": "Feature", "properties": { "name": "COBATAB # 1", "CAPACIDAD (PERSONAS)": "250.0", "LATITUD (GMS)": "17°58'27.76\" N", "LONGITUD (GMS)": "92°56'22.88\" W", "MUNICIPIO": "CENTRO", "SUSCEPTIBILIDAD": "BAJO" }, "geometry": { "type": "Point", "coordinates": [ 506385.614692389965057, 1987351.839749317616224, 0.0 ] } },
{ "type": "Feature", "properties": { "name": "Escuela Primaria Guadalupe Martínez", "CAPACIDAD (PERSONAS)": "50.0", "LATITUD (GMS)": "17°58'54.85\" N", "LONGITUD (GMS)": "92°56'12.07\" W", "MUNICIPIO": "CENTRO", "SUSCEPTIBILIDAD": "BAJO" }, "geometry": { "type": "Point", "coordinates": [ 506703.25868936459301, 1988184.48090880853124, 0.0 ] } },
{ "type": "Feature", "properties": { "name": "Escuela Secundaria Rafael Concha Linares", "CAPACIDAD (PERSONAS)": "75.0", "LATITUD (GMS)": "17°59'24.38\" N", "LONGITUD (GMS)": "92°55'25.21\" W", "MUNICIPIO": "CENTRO", "SUSCEPTIBILIDAD": "MEDIO" }, "geometry": { "type": "Point", "coordinates": [ 508081.005139137618244, 1989092.522196884034202, 0.0 ] } },
{ "type": "Feature", "properties": { "name": "Escuela Primaria Juan S. Trujillo", "CAPACIDAD (PERSONAS)": "500.0", "LATITUD (GMS)": "17°59'46.72\" N", "LONGITUD (GMS)": "92°55'01.56\" W", "MUNICIPIO": "CENTRO", "SUSCEPTIBILIDAD": "MUY ALTO" }, "geometry": { "type": "Point", "coordinates": [ 508776.196212676353753, 1989779.379352894145995, 0.0 ] } },
{ "type": "Feature", "properties": { "name": "Escuela Primaria Tomas Díaz Bartlett", "CAPACIDAD (PERSONAS)": "600.0", "LATITUD (GMS)": "17°59'48.06\" N", "LONGITUD (GMS)": "92°55'09.76\" W", "MUNICIPIO": "CENTRO", "SUSCEPTIBILIDAD": "ALTO" }, "geometry": { "type": "Point", "coordinates": [ 508535.041571087844204, 1989820.454279895406216, 0.0 ] } },
{ "type": "Feature", "properties": { "name": "Jardín de Niños Ma. Inocencia Galván", "CAPACIDAD (PERSONAS)": "600.0", "LATITUD (GMS)": "17°59'45.92\" N", "LONGITUD (GMS)": "92°55'01.85\" W", "MUNICIPIO": "CENTRO", "SUSCEPTIBILIDAD": "MUY ALTO" }, "geometry": { "type": "Point", "coordinates": [ 508767.679185526852962, 1989754.789727602619678, 0.0 ] } },
{ "type": "Feature", "properties": { "name": "Escuela Secundaria Técnica #39", "CAPACIDAD (PERSONAS)": "300.0", "LATITUD (GMS)": "17°58'42.08\" N", "LONGITUD (GMS)": "92°54'23.18\" W", "MUNICIPIO": "CENTRO", "SUSCEPTIBILIDAD": "MUY ALTO" }, "geometry": { "type": "Point", "coordinates": [ 509905.835672178887762, 1987793.383819865295663, 0.0 ] } },
{ "type": "Feature", "properties": { "name": "Escuela Primaria José Martí", "CAPACIDAD (PERSONAS)": "200.0", "LATITUD (GMS)": "17°58'44.23\" N", "LONGITUD (GMS)": "92°54'17.75\" W", "MUNICIPIO": "CENTRO", "SUSCEPTIBILIDAD": "MUY ALTO" }, "geometry": { "type": "Point", "coordinates": [ 510065.49759692652151, 1987859.539235113188624, 0.0 ] } },
{ "type": "Feature", "properties": { "name": "COBATAB #2", "CAPACIDAD (PERSONAS)": "500.0", "LATITUD (GMS)": "17°58'32.74\" N", "LONGITUD (GMS)": "92°57'22.98\" W", "MUNICIPIO": "CENTRO", "SUSCEPTIBILIDAD": "MEDIO" }, "geometry": { "type": "Point", "coordinates": [ 504618.005437435524072, 1987504.391321419505402, 0.0 ] } },
{ "type": "Feature", "properties": { "name": "División Académica de Ciencias de la Salud de la UJAT", "CAPACIDAD (PERSONAS)": "700.0", "LATITUD (GMS)": "17°58'33.95\" N", "LONGITUD (GMS)": "92°57'12.04\" W", "MUNICIPIO": "CENTRO", "SUSCEPTIBILIDAD": "MEDIO" }, "geometry": { "type": "Point", "coordinates": [ 504939.744839639752172, 1987541.65549036138691, 0.0 ] } },
{ "type": "Feature", "properties": { "name": "Escuela Sec. Fed. Luis Donaldo Colosio", "CAPACIDAD (PERSONAS)": "400.0", "LATITUD (GMS)": "17°57'26.79\" N", "LONGITUD (GMS)": "92°57'19.77\" W", "MUNICIPIO": "CENTRO", "SUSCEPTIBILIDAD": "MEDIO" }, "geometry": { "type": "Point", "coordinates": [ 504712.898174790723715, 1985477.628012690227479, 0.0 ] } },
{ "type": "Feature", "properties": { "name": "Jardín de Niños Juan Enrique Pestalozzi", "CAPACIDAD (PERSONAS)": "70.0", "LATITUD (GMS)": "17°57'28.26\" N", "LONGITUD (GMS)": "92°56'55.93\" W", "MUNICIPIO": "CENTRO", "SUSCEPTIBILIDAD": "MEDIO" }, "geometry": { "type": "Point", "coordinates": [ 505414.09972018894041, 1985522.984679553192109, 0.0 ] } },
{ "type": "Feature", "properties": { "name": "Escuela Primaria José Hernández León", "CAPACIDAD (PERSONAS)": "200.0", "LATITUD (GMS)": "17°57'22.42\" N", "LONGITUD (GMS)": "92°56'53.70\" W", "MUNICIPIO": "CENTRO", "SUSCEPTIBILIDAD": "MEDIO" }, "geometry": { "type": "Point", "coordinates": [ 505479.741293216589838, 1985343.527203477919102, 0.0 ] } },
{ "type": "Feature", "properties": { "name": "Jardín de Niños Carmen Cadena de Buendía", "CAPACIDAD (PERSONAS)": "100.0", "LATITUD (GMS)": "17°58'17.53\" N", "LONGITUD (GMS)": "92°57'45.74\" W", "MUNICIPIO": "CENTRO", "SUSCEPTIBILIDAD": "MEDIO" }, "geometry": { "type": "Point", "coordinates": [ 503948.720795047353022, 1987036.809055144432932, 0.0 ] } },
{ "type": "Feature", "properties": { "name": "Escuela Primaria Sor Juana Inés de la Cruz", "CAPACIDAD (PERSONAS)": "50.0", "LATITUD (GMS)": "17°58'40.44\" N", "LONGITUD (GMS)": "92°58'54.17\" W", "MUNICIPIO": "CENTRO", "SUSCEPTIBILIDAD": "MEDIO" }, "geometry": { "type": "Point", "coordinates": [ 501936.056669443612918, 1987740.582009941572323, 0.0 ] } },
{ "type": "Feature", "properties": { "name": "Escuela Primaria Constanza Fernández viuda de Giorgana", "CAPACIDAD (PERSONAS)": "40.0", "LATITUD (GMS)": "17°59'03.69\" N", "LONGITUD (GMS)": "93°00'15.95\" W", "MUNICIPIO": "CENTRO", "SUSCEPTIBILIDAD": "ALTO" }, "geometry": { "type": "Point", "coordinates": [ 499530.928442412230652, 1988455.015781742054969, 0.0 ] } },
{ "type": "Feature", "properties": { "name": "Escuela Primaria Josefa Alfaro viuda de Mijares", "CAPACIDAD (PERSONAS)": "150.0", "LATITUD (GMS)": "17°58'24.63\" N", "LONGITUD (GMS)": "93°08'18.09\" W", "MUNICIPIO": "CENTRO", "SUSCEPTIBILIDAD": "ALTO" }, "geometry": { "type": "Point", "coordinates": [ 485350.827072625397705, 1987260.06888329400681, 0.0 ] } },
{ "type": "Feature", "properties": { "name": "Escuela Primaria Gral. José María Morelos", "CAPACIDAD (PERSONAS)": "50.0", "LATITUD (GMS)": "17°58'39.29\" N", "LONGITUD (GMS)": "93°04'34.47\" W", "MUNICIPIO": "CENTRO", "SUSCEPTIBILIDAD": "ALTO" }, "geometry": { "type": "Point", "coordinates": [ 491927.836092119745445, 1987706.80227611772716, 0.0 ] } },
{ "type": "Feature", "properties": { "name": "Jardín de Niños Belisario Domínguez", "CAPACIDAD (PERSONAS)": "30.0", "LATITUD (GMS)": "17°58'20.23\" N", "LONGITUD (GMS)": "92°59'25.59\" W", "MUNICIPIO": "CENTRO", "SUSCEPTIBILIDAD": "ALTO" }, "geometry": { "type": "Point", "coordinates": [ 501012.028167793178, 1987119.415428741835058, 0.0 ] } },
{ "type": "Feature", "properties": { "name": "Escuela Primaria Ignacio Zaragoza", "CAPACIDAD (PERSONAS)": "200.0", "LATITUD (GMS)": "17°59'31.40\" N", "LONGITUD (GMS)": "92°57'19.87\" W", "MUNICIPIO": "CENTRO", "SUSCEPTIBILIDAD": "ALTO" }, "geometry": { "type": "Point", "coordinates": [ 504709.039381851034705, 1989307.164528966648504, 0.0 ] } },
{ "type": "Feature", "properties": { "name": "Escuela Primaria Ignacio Allende", "CAPACIDAD (PERSONAS)": "100.0", "LATITUD (GMS)": "17°54'37.56\" N", "LONGITUD (GMS)": "93°06'16.41\" W", "MUNICIPIO": "CENTRO", "SUSCEPTIBILIDAD": "ALTO" }, "geometry": { "type": "Point", "coordinates": [ 488925.601196317875292, 1980279.387078614206985, 0.0 ] } },
{ "type": "Feature", "properties": { "name": "Escuela Primaria Benito Juárez", "CAPACIDAD (PERSONAS)": "60.0", "LATITUD (GMS)": "17°53'52.81\" N", "LONGITUD (GMS)": "93°03'32.47\" W", "MUNICIPIO": "CENTRO", "SUSCEPTIBILIDAD": "MEDIO" }, "geometry": { "type": "Point", "coordinates": [ 493748.463862680539023, 1978902.014235442969948, 0.0 ] } },
{ "type": "Feature", "properties": { "name": "Escuela Primaria Coronel Eusebio Castillo", "CAPACIDAD (PERSONAS)": "250.0", "LATITUD (GMS)": "17°56'31.11\" N", "LONGITUD (GMS)": "92°58'24.91\" W", "MUNICIPIO": "CENTRO", "SUSCEPTIBILIDAD": "ALTO" }, "geometry": { "type": "Point", "coordinates": [ 502797.156697642640211, 1983766.099187136860564, 0.0 ] } },
{ "type": "Feature", "properties": { "name": "Escuela Primaria Prof. Luis Gil Pérez", "CAPACIDAD (PERSONAS)": "200.0", "LATITUD (GMS)": "17°52'42.10\" N", "LONGITUD (GMS)": "93°04'12.43\" W", "MUNICIPIO": "CENTRO", "SUSCEPTIBILIDAD": "MUY ALTO" }, "geometry": { "type": "Point", "coordinates": [ 492571.897581751341932, 1976729.367372638778761, 0.0 ] } },
{ "type": "Feature", "properties": { "name": "Escuela Primaria Prof. Casimiro Luciano Rodríguez", "CAPACIDAD (PERSONAS)": "40.0", "LATITUD (GMS)": "17°52'11.38\" N", "LONGITUD (GMS)": "93°06'59.79\" W", "MUNICIPIO": "CENTRO", "SUSCEPTIBILIDAD": "BAJO" }, "geometry": { "type": "Point", "coordinates": [ 487646.503576165298, 1975787.746786823961884, 0.0 ] } },
{ "type": "Feature", "properties": { "name": "Escuela Primaria Venustiano Carranza", "CAPACIDAD (PERSONAS)": "70.0", "LATITUD (GMS)": "17°55'46.73\" N", "LONGITUD (GMS)": "92°53'45.11\" W", "MUNICIPIO": "CENTRO", "SUSCEPTIBILIDAD": "ALTO" }, "geometry": { "type": "Point", "coordinates": [ 511028.489902420027647, 1982405.097458614967763, 0.0 ] } },
{ "type": "Feature", "properties": { "name": "Escuela Primaria Quico Quevedo", "CAPACIDAD (PERSONAS)": "44.0", "LATITUD (GMS)": "17°54'00.27\" N", "LONGITUD (GMS)": "92°52'52.89\" W", "MUNICIPIO": "CENTRO", "SUSCEPTIBILIDAD": "ALTO" }, "geometry": { "type": "Point", "coordinates": [ 512566.780120407114737, 1979134.283971628174186, 0.0 ] } },
{ "type": "Feature", "properties": { "name": "Escuela Ramón Pulido Wade", "CAPACIDAD (PERSONAS)": "150.0", "LATITUD (GMS)": "17°49'57.49\" N", "LONGITUD (GMS)": "92°53'21.73\" W", "MUNICIPIO": "CENTRO", "SUSCEPTIBILIDAD": "ALTO" }, "geometry": { "type": "Point", "coordinates": [ 511722.644981999648735, 1971672.676465871976689, 0.0 ] } },
{ "type": "Feature", "properties": { "name": "Escuela Primaria Dionisio Zurita Belchez", "CAPACIDAD (PERSONAS)": "150.0", "LATITUD (GMS)": "17°55'15.75\" N", "LONGITUD (GMS)": "92°54'40.92\" W", "MUNICIPIO": "CENTRO", "SUSCEPTIBILIDAD": "MEDIO" }, "geometry": { "type": "Point", "coordinates": [ 509387.127049565548077, 1981452.168343141907826, 0.0 ] } },
{ "type": "Feature", "properties": { "name": "Escuela Primaria Efraín Ramírez Galmiche", "CAPACIDAD (PERSONAS)": "70.0", "LATITUD (GMS)": "17°52'20.58\" N", "LONGITUD (GMS)": "92°54'51.86\" W", "MUNICIPIO": "CENTRO", "SUSCEPTIBILIDAD": "ALTO" }, "geometry": { "type": "Point", "coordinates": [ 509067.750507248041686, 1976068.701001895824447, 0.0 ] } },
{ "type": "Feature", "properties": { "name": "Jardín de Niños “Niños Héroes”", "CAPACIDAD (PERSONAS)": "15.0", "LATITUD (GMS)": "17°53'56.72\" N", "LONGITUD (GMS)": "92°52'49.40\" W", "MUNICIPIO": "CENTRO", "SUSCEPTIBILIDAD": "ALTO" }, "geometry": { "type": "Point", "coordinates": [ 512669.535879724833649, 1979025.251021019881591, 0.0 ] } },
{ "type": "Feature", "properties": { "name": "Colegio de Bachilleres No. 24", "CAPACIDAD (PERSONAS)": "200.0", "LATITUD (GMS)": "17°52'51.46\" N", "LONGITUD (GMS)": "92°55'21.90\" W", "MUNICIPIO": "CENTRO", "SUSCEPTIBILIDAD": "MUY ALTO" }, "geometry": { "type": "Point", "coordinates": [ 508183.359012183209416, 1977017.316161871654913, 0.0 ] } },
{ "type": "Feature", "properties": { "name": "Escuela Primaria Benito Fentanes Lavalle", "CAPACIDAD (PERSONAS)": "200.0", "LATITUD (GMS)": "17°51'08.04\" N", "LONGITUD (GMS)": "92°55'51.92\" W", "MUNICIPIO": "CENTRO", "SUSCEPTIBILIDAD": "MEDIO" }, "geometry": { "type": "Point", "coordinates": [ 507301.164157881983556, 1973838.682128461077809, 0.0 ] } },
{ "type": "Feature", "properties": { "name": "Escuela Primaria Gral. Emiliano Zapata Robles", "CAPACIDAD (PERSONAS)": "50.0", "LATITUD (GMS)": "17°42'58.87\" N", "LONGITUD (GMS)": "92°58'46.10\" W", "MUNICIPIO": "CENTRO", "SUSCEPTIBILIDAD": "ALTO" }, "geometry": { "type": "Point", "coordinates": [ 502176.572237817978021, 1958804.490271820919588, 0.0 ] } },
{ "type": "Feature", "properties": { "name": "Escuela Primaria Emilio Porter Gil", "CAPACIDAD (PERSONAS)": "150.0", "LATITUD (GMS)": "18°08'42.47\" N", "LONGITUD (GMS)": "92°44'57.84\" W", "MUNICIPIO": "CENTRO", "SUSCEPTIBILIDAD": "MEDIO" }, "geometry": { "type": "Point", "coordinates": [ 526507.454772425931878, 2006260.396573984296992, 0.0 ] } },
{ "type": "Feature", "properties": { "name": "Jardín de Niños La Florecita", "CAPACIDAD (PERSONAS)": "70.0", "LATITUD (GMS)": "18°08'45.40\" N", "LONGITUD (GMS)": "92°45'12.33\" W", "MUNICIPIO": "CENTRO", "SUSCEPTIBILIDAD": "MEDIO" }, "geometry": { "type": "Point", "coordinates": [ 526081.583707990357652, 2006349.868847089353949, 0.0 ] } },
{ "type": "Feature", "properties": { "name": "Escuela Primaria doctor Alfonso Caso", "CAPACIDAD (PERSONAS)": "80.0", "LATITUD (GMS)": "18°08'50.21\" N", "LONGITUD (GMS)": "92°46'50.64\" W", "MUNICIPIO": "CENTRO", "SUSCEPTIBILIDAD": "ALTO" }, "geometry": { "type": "Point", "coordinates": [ 523192.843876738101244, 2006494.036964737577364, 0.0 ] } },
{ "type": "Feature", "properties": { "name": "Jardín de Niños Eleazar Vázquez Vázquez", "CAPACIDAD (PERSONAS)": "50.0", "LATITUD (GMS)": "18°08'40.07\" N", "LONGITUD (GMS)": "92°46'27.80\" W", "MUNICIPIO": "CENTRO", "SUSCEPTIBILIDAD": "ALTO" }, "geometry": { "type": "Point", "coordinates": [ 523864.309889001015108, 2006183.216706704581156, 0.0 ] } },
{ "type": "Feature", "properties": { "name": "Telesecundaria Alberto Hernández García", "CAPACIDAD (PERSONAS)": "50.0", "LATITUD (GMS)": "18°08'55.99\" N", "LONGITUD (GMS)": "92°46'42.41\" W", "MUNICIPIO": "CENTRO", "SUSCEPTIBILIDAD": "ALTO" }, "geometry": { "type": "Point", "coordinates": [ 523434.443388240237255, 2006671.962925241095945, 0.0 ] } },
{ "type": "Feature", "properties": { "name": "Escuela Primaria Tomas Bartlett", "CAPACIDAD (PERSONAS)": "100.0", "LATITUD (GMS)": "17°58'30.21\" N", "LONGITUD (GMS)": "92°41'09.16\" W", "MUNICIPIO": "CENTRO", "SUSCEPTIBILIDAD": "MUY BAJO" }, "geometry": { "type": "Point", "coordinates": [ 533258.609328698483296, 1987454.231863789027557, 0.0 ] } },
{ "type": "Feature", "properties": { "name": "Escuela Primaria Lerdo de Tejada", "CAPACIDAD (PERSONAS)": "120.0", "LATITUD (GMS)": "17°55'01.04\" N", "LONGITUD (GMS)": "92°46'47.19\" W", "MUNICIPIO": "CENTRO", "SUSCEPTIBILIDAD": "MUY BAJO" }, "geometry": { "type": "Point", "coordinates": [ 523324.530883223575074, 1981011.656631024787202, 0.0 ] } },
{ "type": "Feature", "properties": { "name": "Escuela Primaria Gregorio Méndez Magaña", "CAPACIDAD (PERSONAS)": "30.0", "LATITUD (GMS)": "17°59'34.39\" N", "LONGITUD (GMS)": "92°46'58.16\" W", "MUNICIPIO": "CENTRO", "SUSCEPTIBILIDAD": "MUY BAJO" }, "geometry": { "type": "Point", "coordinates": [ 522991.975290726288222, 1989411.94965770537965, 0.0 ] } },
{ "type": "Feature", "properties": { "name": "Escuela Primaria Tomas Garrido Canabal", "CAPACIDAD (PERSONAS)": "200.0", "LATITUD (GMS)": "17°59'17.87\" N", "LONGITUD (GMS)": "92°49'40.73\" W", "MUNICIPIO": "CENTRO", "SUSCEPTIBILIDAD": "ALTO" }, "geometry": { "type": "Point", "coordinates": [ 518211.65234352578409, 1988899.235698006814346, 0.0 ] } },
{ "type": "Feature", "properties": { "name": "Escuela Primaria Álvaro Obregón", "CAPACIDAD (PERSONAS)": "60.0", "LATITUD (GMS)": "17°55'44.72\" N", "LONGITUD (GMS)": "92°45'21.89\" W", "MUNICIPIO": "CENTRO", "SUSCEPTIBILIDAD": "MUY BAJO" }, "geometry": { "type": "Point", "coordinates": [ 525832.316510355216451, 1982357.167879601707682, 0.0 ] } },
{ "type": "Feature", "properties": { "name": "Jardín de niños Bertha Von Blúmer", "CAPACIDAD (PERSONAS)": "100.0", "LATITUD (GMS)": "17°58'50.95\" N", "LONGITUD (GMS)": "92°48'05.80\" W", "MUNICIPIO": "CENTRO", "SUSCEPTIBILIDAD": "MUY BAJO" }, "geometry": { "type": "Point", "coordinates": [ 521004.271307496761438, 1988074.707526875892654, 0.0 ] } },
{ "type": "Feature", "properties": { "name": "EDIFICIO COBATAB No. 3", "CAPACIDAD (PERSONAS)": "400.0", "LATITUD (GMS)": "18°16'47.80\" N", "LONGITUD (GMS)": "93°13'27.13\" W", "MUNICIPIO": "Comalcalco", "SUSCEPTIBILIDAD": "MEDIO" }, "geometry": { "type": "Point", "coordinates": [ 476302.990968134778086, 2021172.499694035155699, 0.0 ] } },
{ "type": "Feature", "properties": { "name": "JARDÍN DE NIÑOS \"CARMEN RODAS\"", "CAPACIDAD (PERSONAS)": "100.0", "LATITUD (GMS)": "18°16'05.18\" N", "LONGITUD (GMS)": "93°13'44.91\" W", "MUNICIPIO": "Comalcalco", "SUSCEPTIBILIDAD": "BAJO" }, "geometry": { "type": "Point", "coordinates": [ 475779.33256794087356, 2019863.293060676194727, 0.0 ] } },
{ "type": "Feature", "properties": { "name": "JARDÍN DE NIÑOS \"ESTHER DIAZ VIUDA DE LUTZOW\"", "CAPACIDAD (PERSONAS)": "200.0", "LATITUD (GMS)": "18°15'36.54\" N", "LONGITUD (GMS)": "93°08'58.57\" W", "MUNICIPIO": "Comalcalco", "SUSCEPTIBILIDAD": "BAJO" }, "geometry": { "type": "Point", "coordinates": [ 484186.028928403102327, 2018974.384198451181874, 0.0 ] } },
{ "type": "Feature", "properties": { "name": "JARDÍN DE NIÑOS \"HÉROES DE CHAPULTEPEC\"", "CAPACIDAD (PERSONAS)": "200.0", "LATITUD (GMS)": "18°17'03.74\" N", "LONGITUD (GMS)": "93°13'52.33\" W", "MUNICIPIO": "Comalcalco", "SUSCEPTIBILIDAD": "BAJO" }, "geometry": { "type": "Point", "coordinates": [ 475563.746130970597733, 2021663.311675281496719, 0.0 ] } },
{ "type": "Feature", "properties": { "name": "ESCUELA PRIMARIA \"ELPIDIO LÓPEZ\"", "CAPACIDAD (PERSONAS)": "400.0", "LATITUD (GMS)": "18°15'23.25\" N", "LONGITUD (GMS)": "93°13'29.16\" W", "MUNICIPIO": "Comalcalco", "SUSCEPTIBILIDAD": "BAJO" }, "geometry": { "type": "Point", "coordinates": [ 476240.195353990769945, 2018574.072340269107372, 0.0 ] } },
{ "type": "Feature", "properties": { "name": "ESCUELA SECUNDARIA \"ANDRÉS IDUARTE\"", "CAPACIDAD (PERSONAS)": "500.0", "LATITUD (GMS)": "18°15'02.05\" N", "LONGITUD (GMS)": "93°13'33.13\" W", "MUNICIPIO": "Comalcalco", "SUSCEPTIBILIDAD": "MEDIO" }, "geometry": { "type": "Point", "coordinates": [ 476122.817085338523611, 2017922.670930724125355, 0.0 ] } },
{ "type": "Feature", "properties": { "name": "ESCUELA PRIMARIA \"CLUB DE LEONES\"", "CAPACIDAD (PERSONAS)": "400.0", "LATITUD (GMS)": "18°15'07.26\" N", "LONGITUD (GMS)": "93°13'16.42\" W", "MUNICIPIO": "Comalcalco", "SUSCEPTIBILIDAD": "MEDIO" }, "geometry": { "type": "Point", "coordinates": [ 476613.694057302433066, 2018082.191548793343827, 0.0 ] } },
{ "type": "Feature", "properties": { "name": "JARDÍN DE NIÑOS \"YOLANDA ELENA CHACÓN RODRÍGUEZ\"", "CAPACIDAD (PERSONAS)": "20.0", "LATITUD (GMS)": "18°16'26.02\" N", "LONGITUD (GMS)": "93°12'53.60\" W", "MUNICIPIO": "Comalcalco", "SUSCEPTIBILIDAD": "MEDIO" }, "geometry": { "type": "Point", "coordinates": [ 477286.634647063037846, 2020501.944972514174879, 0.0 ] } },
{ "type": "Feature", "properties": { "name": "ESCUELA PRIMARIA \"ESCUADRÓN 201\"", "CAPACIDAD (PERSONAS)": "300.0", "LATITUD (GMS)": "18°19'46.21\" N", "LONGITUD (GMS)": "93°18'42.13\" W", "MUNICIPIO": "Comalcalco", "SUSCEPTIBILIDAD": "MEDIO" }, "geometry": { "type": "Point", "coordinates": [ 467064.024223540793173, 2026669.246610827278346, 0.0 ] } },
{ "type": "Feature", "properties": { "name": "ESCUELA SECUNDARIA TÉCNICA No. 8", "CAPACIDAD (PERSONAS)": "250.0", "LATITUD (GMS)": "18°16'47.21\" N", "LONGITUD (GMS)": "93°20'01.74\" W", "MUNICIPIO": "Comalcalco", "SUSCEPTIBILIDAD": "MEDIO" }, "geometry": { "type": "Point", "coordinates": [ 464717.279870066384319, 2021172.063135330565274, 0.0 ] } },
{ "type": "Feature", "properties": { "name": "COBATAB No. 20", "CAPACIDAD (PERSONAS)": "300.0", "LATITUD (GMS)": "18°17'08.38\" N", "LONGITUD (GMS)": "93°19'49.09\" W", "MUNICIPIO": "Comalcalco", "SUSCEPTIBILIDAD": "MEDIO" }, "geometry": { "type": "Point", "coordinates": [ 465089.860020527266897, 2021822.017646847292781, 0.0 ] } },
{ "type": "Feature", "properties": { "name": "ESCUELA PRIMARIA \" MTRA. VIRGINIA GONZALO\"", "CAPACIDAD (PERSONAS)": "80.0", "LATITUD (GMS)": "18°15'33.07\" N", "LONGITUD (GMS)": "93°12'23.52\" W", "MUNICIPIO": "Comalcalco", "SUSCEPTIBILIDAD": "MEDIO" }, "geometry": { "type": "Point", "coordinates": [ 478167.966217840905301, 2018873.600113202119246, 0.0 ] } },
{ "type": "Feature", "properties": { "name": "ESCUELA SEC. EST. \"MANUEL BELTRÁN BASTAR\"", "CAPACIDAD (PERSONAS)": "80.0", "LATITUD (GMS)": "18°24'04.61\" N", "LONGITUD (GMS)": "93°20'11.29\" W", "MUNICIPIO": "Comalcalco", "SUSCEPTIBILIDAD": "MEDIO" }, "geometry": { "type": "Point", "coordinates": [ 464461.73321799072437, 2034615.528629017295316, 0.0 ] } },
{ "type": "Feature", "properties": { "name": "ESCUELA PRIMARIA \"IGNACIO ZARAGOZA\"", "CAPACIDAD (PERSONAS)": "100.0", "LATITUD (GMS)": "18°20'05.34\" N", "LONGITUD (GMS)": "93°19'57.76\" W", "MUNICIPIO": "Comalcalco", "SUSCEPTIBILIDAD": "MEDIO" }, "geometry": { "type": "Point", "coordinates": [ 464845.239616681705229, 2027261.108816413907334, 0.0 ] } },
{ "type": "Feature", "properties": { "name": "ESCUELA PRIMARIA \"PROF. ERNESTO PRIANI\"", "CAPACIDAD (PERSONAS)": "100.0", "LATITUD (GMS)": "18°21'35.02\" N", "LONGITUD (GMS)": "93°20'17.40\" W", "MUNICIPIO": "Comalcalco", "SUSCEPTIBILIDAD": "MEDIO" }, "geometry": { "type": "Point", "coordinates": [ 464273.912648091034498, 2030018.377270825207233, 0.0 ] } },
{ "type": "Feature", "properties": { "name": "ESCUELA PRIMARIA \"EMILIANO ZAPATA\"", "CAPACIDAD (PERSONAS)": "100.0", "LATITUD (GMS)": "18°20'28.22\" N", "LONGITUD (GMS)": "93°27'01.39\" W", "MUNICIPIO": "Comalcalco", "SUSCEPTIBILIDAD": "ALTO" }, "geometry": { "type": "Point", "coordinates": [ 452413.080075024743564, 2027991.034730514977127, 0.0 ] } },
{ "type": "Feature", "properties": { "name": "ESCUELA PRIMARIA \"NACIONES UNIDAS\"", "CAPACIDAD (PERSONAS)": "100.0", "LATITUD (GMS)": "18°20'05.75\" N", "LONGITUD (GMS)": "93°24'56.21\" W", "MUNICIPIO": "Comalcalco", "SUSCEPTIBILIDAD": "ALTO" }, "geometry": { "type": "Point", "coordinates": [ 456085.523492249834817, 2027291.704748009098694, 0.0 ] } },
{ "type": "Feature", "properties": { "name": "ESCUELA PRIMARIA \"27 DE FEBRERO\"", "CAPACIDAD (PERSONAS)": "150.0", "LATITUD (GMS)": "18°21'06.46\" N", "LONGITUD (GMS)": "93°22'48.78\" W", "MUNICIPIO": "Comalcalco", "SUSCEPTIBILIDAD": "MUY BAJO" }, "geometry": { "type": "Point", "coordinates": [ 459829.597887450130656, 2029149.388464785413817, 0.0 ] } },
{ "type": "Feature", "properties": { "name": "ESCUELA PRIMARIA \"FRANCISCO ZARCO\"", "CAPACIDAD (PERSONAS)": "100.0", "LATITUD (GMS)": "18°23'02.39\" N", "LONGITUD (GMS)": "93°22'42.77\" W", "MUNICIPIO": "Comalcalco", "SUSCEPTIBILIDAD": "MUY BAJO" }, "geometry": { "type": "Point", "coordinates": [ 460013.397079035756178, 2032712.010067735565826, 0.0 ] } },
{ "type": "Feature", "properties": { "name": "ESCUELA PRIMARIA \"RAFAEL RAMÍREZ\"", "CAPACIDAD (PERSONAS)": "50.0", "LATITUD (GMS)": "18°25'22.62\" N", "LONGITUD (GMS)": "93°22'59.73\" W", "MUNICIPIO": "Comalcalco", "SUSCEPTIBILIDAD": "MUY BAJO" }, "geometry": { "type": "Point", "coordinates": [ 459524.849910550750792, 2037022.896249854005873, 0.0 ] } },
{ "type": "Feature", "properties": { "name": "ESCUELA PRIMARIA \"JULIÁN BURELO DOMÍNGUEZ\"", "CAPACIDAD (PERSONAS)": "50.0", "LATITUD (GMS)": "18°18'14.51\" N", "LONGITUD (GMS)": "93°27'32.32\" W", "MUNICIPIO": "Comalcalco", "SUSCEPTIBILIDAD": "MUY BAJO" }, "geometry": { "type": "Point", "coordinates": [ 451494.936739230586682, 2023883.847710305592045, 0.0 ] } },
{ "type": "Feature", "properties": { "name": "JARDÍN DE NIÑOS \"LEONA VICARIO\"", "CAPACIDAD (PERSONAS)": "28.0", "LATITUD (GMS)": "18°20'45.85\" N", "LONGITUD (GMS)": "93°19'41.05\" W", "MUNICIPIO": "Comalcalco", "SUSCEPTIBILIDAD": "MEDIO" }, "geometry": { "type": "Point", "coordinates": [ 465337.932726948871277, 2028505.243322500726208, 0.0 ] } },
{ "type": "Feature", "properties": { "name": "ESCUELA TELESECUNDARIA \"SOR JUANA INÉS DE LA CRUZ", "CAPACIDAD (PERSONAS)": "100.0", "LATITUD (GMS)": "18°17'24.85\" N", "LONGITUD (GMS)": "93°23'02.03\" W", "MUNICIPIO": "Comalcalco", "SUSCEPTIBILIDAD": "MUY BAJO" }, "geometry": { "type": "Point", "coordinates": [ 459426.392401282151695, 2022339.279329250566661, 0.0 ] } },
{ "type": "Feature", "properties": { "name": "ESCUELA PRIMARIA \"NARCISO MENDOZA\"", "CAPACIDAD (PERSONAS)": "50.0", "LATITUD (GMS)": "18°19'43.02\" N", "LONGITUD (GMS)": "93°23'07.91\" W", "MUNICIPIO": "Comalcalco", "SUSCEPTIBILIDAD": "MUY BAJO" }, "geometry": { "type": "Point", "coordinates": [ 459262.741905502858572, 2026586.132842606399208, 0.0 ] } },
{ "type": "Feature", "properties": { "name": "ESCUELA PRIMARIA \"VIRGINIA GONZALLI\"", "CAPACIDAD (PERSONAS)": "100.0", "LATITUD (GMS)": "18°16'22.73\" N", "LONGITUD (GMS)": "93°24'12.14\" W", "MUNICIPIO": "Comalcalco", "SUSCEPTIBILIDAD": "MUY BAJO" }, "geometry": { "type": "Point", "coordinates": [ 457363.861331996973604, 2020434.535597105743363, 0.0 ] } },
{ "type": "Feature", "properties": { "name": "ESCUELA PRIMARIA TOMAS GONZÁLEZ LAGOS", "CAPACIDAD (PERSONAS)": "200.0", "LATITUD (GMS)": "18°15'29.07\" N", "LONGITUD (GMS)": "93°18'17.96\" W", "MUNICIPIO": "Comalcalco", "SUSCEPTIBILIDAD": "MEDIO" }, "geometry": { "type": "Point", "coordinates": [ 467760.246066907478962, 2018765.222477640490979, 0.0 ] } },
{ "type": "Feature", "properties": { "name": "ESCUELA PRIMARIA \"ANTONIO FERRER LEÓN\"", "CAPACIDAD (PERSONAS)": "100.0", "LATITUD (GMS)": "18°18'50.37\" N", "LONGITUD (GMS)": "93°22'53.48\" W", "MUNICIPIO": "Comalcalco", "SUSCEPTIBILIDAD": "MEDIO" }, "geometry": { "type": "Point", "coordinates": [ 459682.902233386761509, 2024967.10508456453681, 0.0 ] } },
{ "type": "Feature", "properties": { "name": "ESCUELA PRIMARIA \"SIMÓN BOLÍVAR\"", "CAPACIDAD (PERSONAS)": "100.0", "LATITUD (GMS)": "18°21'02.79\" N", "LONGITUD (GMS)": "93°18'39.03\" W", "MUNICIPIO": "Comalcalco", "SUSCEPTIBILIDAD": "MEDIO" }, "geometry": { "type": "Point", "coordinates": [ 467159.031788965861779, 2029022.678367216140032, 0.0 ] } },
{ "type": "Feature", "properties": { "name": "ESCUELA SECUNDARIA TÉCNICA \"AGROPECUARIA\"", "CAPACIDAD (PERSONAS)": "200.0", "LATITUD (GMS)": "18°15'42.95\" N", "LONGITUD (GMS)": "93°13'11.96\" W", "MUNICIPIO": "Comalcalco", "SUSCEPTIBILIDAD": "MEDIO" }, "geometry": { "type": "Point", "coordinates": [ 476745.978674321842846, 2019178.903556064236909, 0.0 ] } },
{ "type": "Feature", "properties": { "name": "ESCUELA SECUNDARIA \"JUAN ALDAMA\"", "CAPACIDAD (PERSONAS)": "50.0", "LATITUD (GMS)": "18°14'25.20\" N", "LONGITUD (GMS)": "93°21'10.57\" W", "MUNICIPIO": "Comalcalco", "SUSCEPTIBILIDAD": "MEDIO" }, "geometry": { "type": "Point", "coordinates": [ 462688.008032909478061, 2016811.389704523608088, 0.0 ] } },
{ "type": "Feature", "properties": { "name": "ESC. PRIM. URB. FED. GRAL. IGNACIO GUTIÉRREZ GÓMEZ", "CAPACIDAD (PERSONAS)": "100.0", "LATITUD (GMS)": "18°14'23.48\" N", "LONGITUD (GMS)": "93°21'04.05\" W", "MUNICIPIO": "Comalcalco", "SUSCEPTIBILIDAD": "MEDIO" }, "geometry": { "type": "Point", "coordinates": [ 462879.377124233345967, 2016758.159881352446973, 0.0 ] } },
{ "type": "Feature", "properties": { "name": "ESCUELA PRIM. RUR. FED. EL PENSADOR MEXICANO", "CAPACIDAD (PERSONAS)": "80.0", "LATITUD (GMS)": "18°14'17.08\" N", "LONGITUD (GMS)": "93°22'47.91\" W", "MUNICIPIO": "Comalcalco", "SUSCEPTIBILIDAD": "MEDIO" }, "geometry": { "type": "Point", "coordinates": [ 459828.937673455104232, 2016567.555855363374576, 0.0 ] } },
{ "type": "Feature", "properties": { "name": "ESCUELA PRIMARIA \"ADOLFO LÓPEZ MATEOS\"", "CAPACIDAD (PERSONAS)": "100.0", "LATITUD (GMS)": "18°13'42.18\" N", "LONGITUD (GMS)": "93°22'03.69\" W", "MUNICIPIO": "Comalcalco", "SUSCEPTIBILIDAD": "BAJO" }, "geometry": { "type": "Point", "coordinates": [ 461125.396024674875662, 2015492.304571173619479, 0.0 ] } },
{ "type": "Feature", "properties": { "name": "ESCUELA PRIMARIA \"PROF. CARLOS FERNÁNDEZ\"", "CAPACIDAD (PERSONAS)": "100.0", "LATITUD (GMS)": "18°13'57.53\" N", "LONGITUD (GMS)": "93°18'51.90\" W", "MUNICIPIO": "Comalcalco", "SUSCEPTIBILIDAD": "BAJO" }, "geometry": { "type": "Point", "coordinates": [ 466758.813280693429988, 2015953.573770729359239, 0.0 ] } },
{ "type": "Feature", "properties": { "name": "ESCUELA SECUNDARIA \"RAFAEL RAMÍREZ\"", "CAPACIDAD (PERSONAS)": "400.0", "LATITUD (GMS)": "18°14'01.29\" N", "LONGITUD (GMS)": "93°27'07.11\" W", "MUNICIPIO": "Comalcalco", "SUSCEPTIBILIDAD": "BAJO" }, "geometry": { "type": "Point", "coordinates": [ 452215.762099991727155, 2016099.56553271249868, 0.0 ] } },
{ "type": "Feature", "properties": { "name": "ESCUELA PRIMARIA \"ADOLFO CÓRDOVA HERNÁNDEZ\"", "CAPACIDAD (PERSONAS)": "50.0", "LATITUD (GMS)": "18°14'56.30\" N", "LONGITUD (GMS)": "93°25'04.74\" W", "MUNICIPIO": "Comalcalco", "SUSCEPTIBILIDAD": "BAJO" }, "geometry": { "type": "Point", "coordinates": [ 455813.383943059947342, 2017781.688677881611511, 0.0 ] } },
{ "type": "Feature", "properties": { "name": "JARDÍN DE NIÑOS \"OVIDIO DECLORY\"", "CAPACIDAD (PERSONAS)": "50.0", "LATITUD (GMS)": "18°15'12.12\" N", "LONGITUD (GMS)": "93°20'06.06\" W", "MUNICIPIO": "Comalcalco", "SUSCEPTIBILIDAD": "BAJO" }, "geometry": { "type": "Point", "coordinates": [ 464585.088722732267343, 2018249.844018668169156, 0.0 ] } },
{ "type": "Feature", "properties": { "name": "ESCUELA PRIMARIA GRAL. IGNACIO ZARAGOZA", "CAPACIDAD (PERSONAS)": "100.0", "LATITUD (GMS)": "18°14'19.28\" N", "LONGITUD (GMS)": "93°26'22.37\" W", "MUNICIPIO": "Comalcalco", "SUSCEPTIBILIDAD": "BAJO" }, "geometry": { "type": "Point", "coordinates": [ 453531.014922138536349, 2016649.266932947793975, 0.0 ] } },
{ "type": "Feature", "properties": { "name": "ESCUELA PRIMARIA \"ROLDAN DE LA ROSA PEREGRINO\"", "CAPACIDAD (PERSONAS)": "150.0", "LATITUD (GMS)": "18°10'16.18\" N", "LONGITUD (GMS)": "93°24'13.43\" W", "MUNICIPIO": "Comalcalco", "SUSCEPTIBILIDAD": "MUY BAJO" }, "geometry": { "type": "Point", "coordinates": [ 457301.162412557343487, 2009169.2255521225743, 0.0 ] } },
{ "type": "Feature", "properties": { "name": "ESCUELA PRIMARIA \"MTRO. RAFAEL RAMÍREZ C.\"", "CAPACIDAD (PERSONAS)": "50.0", "LATITUD (GMS)": "18°10'30.96\" N", "LONGITUD (GMS)": "93°24'50.52\" W", "MUNICIPIO": "Comalcalco", "SUSCEPTIBILIDAD": "MUY BAJO" }, "geometry": { "type": "Point", "coordinates": [ 456212.541726170049515, 2009625.891097446903586, 0.0 ] } },
{ "type": "Feature", "properties": { "name": "ESCUELA PRIMARIA \"JUSTO SIERRA MÉNDEZ\"", "CAPACIDAD (PERSONAS)": "100.0", "LATITUD (GMS)": "18°09'48.09\" N", "LONGITUD (GMS)": "93°24'00.50\" W", "MUNICIPIO": "Comalcalco", "SUSCEPTIBILIDAD": "MEDIO" }, "geometry": { "type": "Point", "coordinates": [ 457679.14487843104871, 2008305.093463669763878, 0.0 ] } },
{ "type": "Feature", "properties": { "name": "ESCUELA PRIMARIA \"GREGORIO MÉNDEZ\"", "CAPACIDAD (PERSONAS)": "40.0", "LATITUD (GMS)": "18°15'27.49\" N", "LONGITUD (GMS)": "93°15'14.12\" W", "MUNICIPIO": "Comalcalco", "SUSCEPTIBILIDAD": "BAJO" }, "geometry": { "type": "Point", "coordinates": [ 473158.363386750221252, 2018708.414883256191388, 0.0 ] } },
{ "type": "Feature", "properties": { "name": "ESCUELA PRIMARIA \"GUILLERMO PRIETO\"", "CAPACIDAD (PERSONAS)": "100.0", "LATITUD (GMS)": "18°16'42.76\" N", "LONGITUD (GMS)": "93°07'26.54\" W", "MUNICIPIO": "Comalcalco", "SUSCEPTIBILIDAD": "MUY BAJO" }, "geometry": { "type": "Point", "coordinates": [ 486889.680535518622492, 2021007.512902154354379, 0.0 ] } },
{ "type": "Feature", "properties": { "name": "ESCUELA TELESECUNDARIA \"RICARDO RUFINO SANSORES RAMÍREZ\"", "CAPACIDAD (PERSONAS)": "50.0", "LATITUD (GMS)": "18°15'42.49\" N", "LONGITUD (GMS)": "93°07'07.92\" W", "MUNICIPIO": "Comalcalco", "SUSCEPTIBILIDAD": "MUY BAJO" }, "geometry": { "type": "Point", "coordinates": [ 487435.155717389832716, 2019154.861325175734237, 0.0 ] } },
{ "type": "Feature", "properties": { "name": "ESCUELA PRIMARIA \"CUAUHTÉMOC\"", "CAPACIDAD (PERSONAS)": "100.0", "LATITUD (GMS)": "18°15'40.66\" N", "LONGITUD (GMS)": "93°13'13.45\" W", "MUNICIPIO": "Comalcalco", "SUSCEPTIBILIDAD": "MUY BAJO" }, "geometry": { "type": "Point", "coordinates": [ 476702.143358768895268, 2019108.577050657011569, 0.0 ] } },
{ "type": "Feature", "properties": { "name": "ESCUELA PRIMARIA \"REPUBLICA DE ARGENTINA\"", "CAPACIDAD (PERSONAS)": "100.0", "LATITUD (GMS)": "18°17'44.51\" N", "LONGITUD (GMS)": "93°11'30.25\" W", "MUNICIPIO": "Comalcalco", "SUSCEPTIBILIDAD": "MEDIO" }, "geometry": { "type": "Point", "coordinates": [ 479736.381712544942275, 2022911.478928414639086, 0.0 ] } },
{ "type": "Feature", "properties": { "name": "ESCUELA PRIMARIA \"CARLOS A. CARRILLO\"", "CAPACIDAD (PERSONAS)": "100.0", "LATITUD (GMS)": "18°18'51.48\" N", "LONGITUD (GMS)": "93°11'32.21\" W", "MUNICIPIO": "Comalcalco", "SUSCEPTIBILIDAD": "MEDIO" }, "geometry": { "type": "Point", "coordinates": [ 479681.011357727751601, 2024969.75309695256874, 0.0 ] } },
{ "type": "Feature", "properties": { "name": "ESCUELA PRIM. RUR. FED. \"FRANCISCO SARABIA\"", "CAPACIDAD (PERSONAS)": "200.0", "LATITUD (GMS)": "18°18'32.79\" N", "LONGITUD (GMS)": "93°11'43.58\" W", "MUNICIPIO": "Comalcalco", "SUSCEPTIBILIDAD": "MEDIO" }, "geometry": { "type": "Point", "coordinates": [ 479346.64210252603516, 2024395.700810951646417, 0.0 ] } },
{ "type": "Feature", "properties": { "name": "ESCUELA PRIMARIA \"FLORES MAGÓN\"", "CAPACIDAD (PERSONAS)": "100.0", "LATITUD (GMS)": "18°18'40.25\" N", "LONGITUD (GMS)": "93°12'29.20\" W", "MUNICIPIO": "Comalcalco", "SUSCEPTIBILIDAD": "MEDIO" }, "geometry": { "type": "Point", "coordinates": [ 478007.739119087171275, 2024626.453559366753325, 0.0 ] } },
{ "type": "Feature", "properties": { "name": "ESCUELA TEL. SECUNDARIA TITO LIVIO ENRÍQUEZ ANDRADE", "CAPACIDAD (PERSONAS)": "100.0", "LATITUD (GMS)": "18°18'51.88\" N", "LONGITUD (GMS)": "93°13'22.86\" W", "MUNICIPIO": "Comalcalco", "SUSCEPTIBILIDAD": "MEDIO" }, "geometry": { "type": "Point", "coordinates": [ 476433.016923724324442, 2024985.745374268153682, 0.0 ] } },
{ "type": "Feature", "properties": { "name": "ESCUELA SECUNDARIA \"SOR JUANA INÉS DE LA CRUZ\"", "CAPACIDAD (PERSONAS)": "150.0", "LATITUD (GMS)": "18°12'59.40\" N", "LONGITUD (GMS)": "93°16'22.81\" W", "MUNICIPIO": "Comalcalco", "SUSCEPTIBILIDAD": "MEDIO" }, "geometry": { "type": "Point", "coordinates": [ 471134.595449966902379, 2014160.027307744137943, 0.0 ] } },
{ "type": "Feature", "properties": { "name": "ESCUELA PRIMARIA \"EXALTACIÓN CÓRDOVA\"", "CAPACIDAD (PERSONAS)": "100.0", "LATITUD (GMS)": "18°12'25.25\" N", "LONGITUD (GMS)": "93°16'40.68\" W", "MUNICIPIO": "Comalcalco", "SUSCEPTIBILIDAD": "MEDIO" }, "geometry": { "type": "Point", "coordinates": [ 470608.1539036220056, 2013111.276669287122786, 0.0 ] } },
{ "type": "Feature", "properties": { "name": "ESCUELA PRIMARIA \"RIGOBERTO ARÉVALO\"", "CAPACIDAD (PERSONAS)": "50.0", "LATITUD (GMS)": "18°12'44.25\" N", "LONGITUD (GMS)": "93°15'22.65\" W", "MUNICIPIO": "Comalcalco", "SUSCEPTIBILIDAD": "MEDIO" }, "geometry": { "type": "Point", "coordinates": [ 472900.870321995113045, 2013691.868203196441755, 0.0 ] } },
{ "type": "Feature", "properties": { "name": "ESCUELA SECUNDARIA \"JUAN DE LA BARRERA\"", "CAPACIDAD (PERSONAS)": "100.0", "LATITUD (GMS)": "18°16'09.24\" N", "LONGITUD (GMS)": "93°10'30.09\" W", "MUNICIPIO": "Comalcalco", "SUSCEPTIBILIDAD": "MUY ALTO" }, "geometry": { "type": "Point", "coordinates": [ 481499.693216630374081, 2019981.745675251353532, 0.0 ] } },
{ "type": "Feature", "properties": { "name": "ESCUELA PRIMARIA \"MANUEL SÁNCHEZ MÁRMOL\"", "CAPACIDAD (PERSONAS)": "50.0", "LATITUD (GMS)": "18°13'24.52\" N", "LONGITUD (GMS)": "93°13'23.88\" W", "MUNICIPIO": "Comalcalco", "SUSCEPTIBILIDAD": "MUY BAJO" }, "geometry": { "type": "Point", "coordinates": [ 476390.784294754615985, 2014924.928628610447049, 0.0 ] } },
{ "type": "Feature", "properties": { "name": "ESCUELA PRIMARIA \"NICOLAS BRAVO\"", "CAPACIDAD (PERSONAS)": "50.0", "LATITUD (GMS)": "18°12'19.66\" N", "LONGITUD (GMS)": "93°14'06.78\" W", "MUNICIPIO": "Comalcalco", "SUSCEPTIBILIDAD": "MEDIO" }, "geometry": { "type": "Point", "coordinates": [ 475128.287279015232343, 2012933.153275378746912, 0.0 ] } },
{ "type": "Feature", "properties": { "name": "ESC. PRIM. DR. ENRIQUE VELAZQUEZ CANSECO", "CAPACIDAD (PERSONAS)": "35.0", "LATITUD (GMS)": "17°59'55.05\" N", "LONGITUD (GMS)": "93°06'29.30\" W", "MUNICIPIO": "CUNDUACAN", "SUSCEPTIBILIDAD": "MEDIO" }, "geometry": { "type": "Point", "coordinates": [ 488552.039560475794133, 1990036.755559292621911, 0.0 ] } },
{ "type": "Feature", "properties": { "name": "ESC. PRIM. RAFAEL RAMIREZ", "CAPACIDAD (PERSONAS)": "100.0", "LATITUD (GMS)": "17°58'43.41\" N", "LONGITUD (GMS)": "93°06'55.91\" W", "MUNICIPIO": "CUNDUACAN", "SUSCEPTIBILIDAD": "ALTO" }, "geometry": { "type": "Point", "coordinates": [ 487768.160058561130427, 1987835.567712868331, 0.0 ] } },
{ "type": "Feature", "properties": { "name": "COLEGIO DE BACHILLERES N. 32", "CAPACIDAD (PERSONAS)": "300.0", "LATITUD (GMS)": "18°10'27.77\" N", "LONGITUD (GMS)": "93°22'27.03\" W", "MUNICIPIO": "CUNDUACAN", "SUSCEPTIBILIDAD": "BAJO" }, "geometry": { "type": "Point", "coordinates": [ 460427.742465163697489, 2009518.807244764873758, 0.0 ] } },
{ "type": "Feature", "properties": { "name": "ESC. SEC. TEC. N. 14", "CAPACIDAD (PERSONAS)": "600.0", "LATITUD (GMS)": "18°10'37.34\" N", "LONGITUD (GMS)": "93°21'43.14\" W", "MUNICIPIO": "CUNDUACAN", "SUSCEPTIBILIDAD": "BAJO" }, "geometry": { "type": "Point", "coordinates": [ 461717.710929905879311, 2009810.341354164294899, 0.0 ] } },
{ "type": "Feature", "properties": { "name": "ESC. PRIM. SOLEDAD ARIN CABRERA", "CAPACIDAD (PERSONAS)": "250.0", "LATITUD (GMS)": "18°09'16.54\" N", "LONGITUD (GMS)": "93°20'16.59\" W", "MUNICIPIO": "CUNDUACAN", "SUSCEPTIBILIDAD": "MEDIO" }, "geometry": { "type": "Point", "coordinates": [ 464255.744990702427458, 2007322.252766119549051, 0.0 ] } },
{ "type": "Feature", "properties": { "name": "ESC. PRIM. JUSTO SIERRA", "CAPACIDAD (PERSONAS)": "200.0", "LATITUD (GMS)": "18°07'45.90\" N", "LONGITUD (GMS)": "93°12'49.22\" W", "MUNICIPIO": "CUNDUACAN", "SUSCEPTIBILIDAD": "MEDIO" }, "geometry": { "type": "Point", "coordinates": [ 477396.613906518323347, 2004516.909902531886473, 0.0 ] } },
{ "type": "Feature", "properties": { "name": "ESC. PRIM. JOSE HDEZ LEON", "CAPACIDAD (PERSONAS)": "200.0", "LATITUD (GMS)": "18°09'23.69\" N", "LONGITUD (GMS)": "93°12'30.58\" W", "MUNICIPIO": "CUNDUACAN", "SUSCEPTIBILIDAD": "MUY BAJO" }, "geometry": { "type": "Point", "coordinates": [ 477947.754272537364159, 2007521.649772397009656, 0.0 ] } },
{ "type": "Feature", "properties": { "name": "ESC. PRIM. FRANCISCO VILLA", "CAPACIDAD (PERSONAS)": "200.0", "LATITUD (GMS)": "18°06'38.65\" N", "LONGITUD (GMS)": "93°12'54.95\" W", "MUNICIPIO": "CUNDUACAN", "SUSCEPTIBILIDAD": "ALTO" }, "geometry": { "type": "Point", "coordinates": [ 477225.823276034963783, 2002450.324398007011041, 0.0 ] } },
{ "type": "Feature", "properties": { "name": "ESC. PRIM. MANUEL DE LA CRUZ", "CAPACIDAD (PERSONAS)": "200.0", "LATITUD (GMS)": "18°03'21.78\" N", "LONGITUD (GMS)": "93°16'59.50\" W", "MUNICIPIO": "CUNDUACAN", "SUSCEPTIBILIDAD": "MUY BAJO" }, "geometry": { "type": "Point", "coordinates": [ 470029.680420307326131, 1996409.671223731478676, 0.0 ] } },
{ "type": "Feature", "properties": { "name": "ESC. PRIM. BEATRIZ BURELO VDA DE G.", "CAPACIDAD (PERSONAS)": "200.0", "LATITUD (GMS)": "18°02'31.61\" N", "LONGITUD (GMS)": "93°18'30.07\" W", "MUNICIPIO": "CUNDUACAN", "SUSCEPTIBILIDAD": "MUY BAJO" }, "geometry": { "type": "Point", "coordinates": [ 467364.596145123476163, 1994872.068142120959237, 0.0 ] } },
{ "type": "Feature", "properties": { "name": "ESC. PRIM. TRITOLEMO TARACENA G.", "CAPACIDAD (PERSONAS)": "250.0", "LATITUD (GMS)": "18°02'44.80\" N", "LONGITUD (GMS)": "93°17'15.37\" W", "MUNICIPIO": "CUNDUACAN", "SUSCEPTIBILIDAD": "MUY BAJO" }, "geometry": { "type": "Point", "coordinates": [ 469561.377944233187009, 1995273.895116418134421, 0.0 ] } },
{ "type": "Feature", "properties": { "name": "CETis #40", "CAPACIDAD (PERSONAS)": "100.0", "LATITUD (GMS)": "18°03'48.92\" N", "LONGITUD (GMS)": "93°09'48.16\" W", "MUNICIPIO": "CUNDUACAN", "SUSCEPTIBILIDAD": "ALTO" }, "geometry": { "type": "Point", "coordinates": [ 482710.590957250155043, 1997228.436197026399896, 0.0 ] } },
{ "type": "Feature", "properties": { "name": "ESC. PRIM. CARLOS A. MADRAZO", "CAPACIDAD (PERSONAS)": "250.0", "LATITUD (GMS)": "17°59'50.32\" N", "LONGITUD (GMS)": "93°11'22.14\" W", "MUNICIPIO": "CUNDUACAN", "SUSCEPTIBILIDAD": "MEDIO" }, "geometry": { "type": "Point", "coordinates": [ 479940.463963098824024, 1989898.302352262893692, 0.0 ] } },
{ "type": "Feature", "properties": { "name": "ESC. TEL. SEC. GRACIELA PINTADO DE MADRAZO", "CAPACIDAD (PERSONAS)": "200.0", "LATITUD (GMS)": "17°59'53.10\" N", "LONGITUD (GMS)": "93°11'28.33\" W", "MUNICIPIO": "CUNDUACAN", "SUSCEPTIBILIDAD": "MEDIO" }, "geometry": { "type": "Point", "coordinates": [ 479758.523584465670865, 1989983.925229380838573, 0.0 ] } },
{ "type": "Feature", "properties": { "name": "JARDIN DE NIÑOS CARLOS PELLICER CAMARA", "CAPACIDAD (PERSONAS)": "100.0", "LATITUD (GMS)": "17°59'48.34\" N", "LONGITUD (GMS)": "93°11'24.06\" W", "MUNICIPIO": "CUNDUACAN", "SUSCEPTIBILIDAD": "MEDIO" }, "geometry": { "type": "Point", "coordinates": [ 479883.940439552126918, 1989837.510007945355028, 0.0 ] } },
{ "type": "Feature", "properties": { "name": "ESC. PRIM. AGUSTIN RUIZ DE LA PEÑA", "CAPACIDAD (PERSONAS)": "200.0", "LATITUD (GMS)": "17°59'25.30\" N", "LONGITUD (GMS)": "93°15'20.46\" W", "MUNICIPIO": "CUNDUACAN", "SUSCEPTIBILIDAD": "BAJO" }, "geometry": { "type": "Point", "coordinates": [ 472931.148865390918218, 1989137.787644552765414, 0.0 ] } },
{ "type": "Feature", "properties": { "name": "COBATAB PLANTEL N. 42", "CAPACIDAD (PERSONAS)": "200.0", "LATITUD (GMS)": "17°59'16.71\" N", "LONGITUD (GMS)": "93°15'15.58\" W", "MUNICIPIO": "CUNDUACAN", "SUSCEPTIBILIDAD": "BAJO" }, "geometry": { "type": "Point", "coordinates": [ 473074.298576891655102, 1988873.598477490711957, 0.0 ] } },
{ "type": "Feature", "properties": { "name": "Sec.tecnica 18", "CAPACIDAD (PERSONAS)": "400.0", "LATITUD (GMS)": "17°50'25.80\" N", "LONGITUD (GMS)": "93°23'42.60\" W", "MUNICIPIO": "HUIMANGUILLO", "SUSCEPTIBILIDAD": "BAJO" }, "geometry": { "type": "Point", "coordinates": [ 458128.901518784929067, 1972583.463677573949099, 0.0 ] } },
{ "type": "Feature", "properties": { "name": "SEC.TOMAS GARRIDO CANABAL", "CAPACIDAD (PERSONAS)": "400.0", "LATITUD (GMS)": "17°49'31.93\" N", "LONGITUD (GMS)": "93°23'23.26\" W", "MUNICIPIO": "HUIMANGUILLO", "SUSCEPTIBILIDAD": "MEDIO" }, "geometry": { "type": "Point", "coordinates": [ 458694.689775947306771, 1970926.71952036418952, 0.0 ] } },
{ "type": "Feature", "properties": { "name": "ESC.ARNULFO GIORGANA", "CAPACIDAD (PERSONAS)": "300.0", "LATITUD (GMS)": "17°50'00.61\" N", "LONGITUD (GMS)": "93°23'20.40\" W", "MUNICIPIO": "HUIMANGUILLO", "SUSCEPTIBILIDAD": "MEDIO" }, "geometry": { "type": "Point", "coordinates": [ 458780.707937708240934, 1971807.946624596370384, 0.0 ] } },
{ "type": "Feature", "properties": { "name": "ESC. PRIMARIA HEROES DE CHAPULTEPEC", "CAPACIDAD (PERSONAS)": "200.0", "LATITUD (GMS)": "17°39'52.61\" N", "LONGITUD (GMS)": "93°28'34.18\" W", "MUNICIPIO": "HUIMANGUILLO", "SUSCEPTIBILIDAD": "BAJO" }, "geometry": { "type": "Point", "coordinates": [ 449497.428072234266438, 1953144.042903310386464, 0.0 ] } },
{ "type": "Feature", "properties": { "name": "ESC. SEC. FED. JOSE VASCONCELOS", "CAPACIDAD (PERSONAS)": "250.0", "LATITUD (GMS)": "17°43'23.36\" N", "LONGITUD (GMS)": "92°48'39.05\" W", "MUNICIPIO": "JALAPA", "SUSCEPTIBILIDAD": "ALTO" }, "geometry": { "type": "Point", "coordinates": [ 520055.252537187596317, 1959567.060601445613429, 0.0 ] } },
{ "type": "Feature", "properties": { "name": "ESC. PRIM. FED. FRANCISCO J. SANTA MARIA", "CAPACIDAD (PERSONAS)": "250.0", "LATITUD (GMS)": "17°43'22.95\" N", "LONGITUD (GMS)": "92°48'54.82\" W", "MUNICIPIO": "JALAPA", "SUSCEPTIBILIDAD": "MUY ALTO" }, "geometry": { "type": "Point", "coordinates": [ 519590.807542060734704, 1959553.999310219660401, 0.0 ] } },
{ "type": "Feature", "properties": { "name": "ESC. SEC. REGULO TORPEY", "CAPACIDAD (PERSONAS)": "200.0", "LATITUD (GMS)": "17°43'08.57\" N", "LONGITUD (GMS)": "92°48'45.26\" W", "MUNICIPIO": "JALAPA", "SUSCEPTIBILIDAD": "ALTO" }, "geometry": { "type": "Point", "coordinates": [ 519872.808442729117814, 1959112.358569581760094, 0.0 ] } },
{ "type": "Feature", "properties": { "name": "ESC. PRIM. LEONOR PONTE DE JIMENEZ", "CAPACIDAD (PERSONAS)": "250.0", "LATITUD (GMS)": "17°43'05.55\" N", "LONGITUD (GMS)": "92°48'28.66\" W", "MUNICIPIO": "JALAPA", "SUSCEPTIBILIDAD": "ALTO" }, "geometry": { "type": "Point", "coordinates": [ 520361.816802046902012, 1959020.04215804184787, 0.0 ] } },
{ "type": "Feature", "properties": { "name": "IGLESIA EVANGELISTA PRESBITERIANA", "CAPACIDAD (PERSONAS)": "150.0", "LATITUD (GMS)": "17°39'46.10\" N", "LONGITUD (GMS)": "92°50'25.07\" W", "MUNICIPIO": "JALAPA", "SUSCEPTIBILIDAD": "ALTO" }, "geometry": { "type": "Point", "coordinates": [ 516938.413745303172618, 1952887.465634254971519, 0.0 ] } },
{ "type": "Feature", "properties": { "name": "ESC. PRIM. VIRGINIA SANTA MARIA", "CAPACIDAD (PERSONAS)": "250.0", "LATITUD (GMS)": "17°49'38.12\" N", "LONGITUD (GMS)": "92°51'26.70\" W", "MUNICIPIO": "JALAPA", "SUSCEPTIBILIDAD": "ALTO" }, "geometry": { "type": "Point", "coordinates": [ 515108.886787293246016, 1971079.692731376737356, 0.0 ] } },
{ "type": "Feature", "properties": { "name": "ESC. PRIM. MANUEL JIMENEZ", "CAPACIDAD (PERSONAS)": "60.0", "LATITUD (GMS)": "17°47'19.44\" N", "LONGITUD (GMS)": "92°49'40.97\" W", "MUNICIPIO": "JALAPA", "SUSCEPTIBILIDAD": "ALTO" }, "geometry": { "type": "Point", "coordinates": [ 518224.947705303318799, 1966820.427157204132527, 0.0 ] } },
{ "type": "Feature", "properties": { "name": "ESC. TV. IRENE CAMARA MORALES", "CAPACIDAD (PERSONAS)": "100.0", "LATITUD (GMS)": "17°46'50.53\" N", "LONGITUD (GMS)": "92°50'58.82\" W", "MUNICIPIO": "JALAPA", "SUSCEPTIBILIDAD": "ALTO" }, "geometry": { "type": "Point", "coordinates": [ 515933.662488732836209, 1965930.00545306247659, 0.0 ] } },
{ "type": "Feature", "properties": { "name": "ESC. PRIM. CIRO E. PEREZ", "CAPACIDAD (PERSONAS)": "80.0", "LATITUD (GMS)": "17°46'54.00\" N", "LONGITUD (GMS)": "92°50'57.74\" W", "MUNICIPIO": "JALAPA", "SUSCEPTIBILIDAD": "ALTO" }, "geometry": { "type": "Point", "coordinates": [ 515965.374775801668875, 1966036.669788043247536, 0.0 ] } },
{ "type": "Feature", "properties": { "name": "ESC. PRIMARIA LEANDRO GARCIA ALFARO", "CAPACIDAD (PERSONAS)": "75.0", "LATITUD (GMS)": "18°09'58.74\" N", "LONGITUD (GMS)": "93°03'33.59\" W", "MUNICIPIO": "JALPA DE MENDEZ", "SUSCEPTIBILIDAD": "ALTO" }, "geometry": { "type": "Point", "coordinates": [ 493725.025374100077897, 2008587.34322271682322, 0.0 ] } },
{ "type": "Feature", "properties": { "name": "ESC. PRIMARIA GREGORIO\nMENDEZ MAGAÑA", "CAPACIDAD (PERSONAS)": "330.0", "LATITUD (GMS)": "18°10'37.51\" N", "LONGITUD (GMS)": "93°03'49.10\" W", "MUNICIPIO": "JALPA DE MENDEZ", "SUSCEPTIBILIDAD": "ALTO" }, "geometry": { "type": "Point", "coordinates": [ 493269.775910916272551, 2009779.006954735144973, 0.0 ] } },
{ "type": "Feature", "properties": { "name": "JARDIN DE NIÑOS MIGUEL\nANGEL.", "CAPACIDAD (PERSONAS)": "50.0", "LATITUD (GMS)": "18°10'43.71\" N", "LONGITUD (GMS)": "93°03'35.72\" W", "MUNICIPIO": "JALPA DE MENDEZ", "SUSCEPTIBILIDAD": "ALTO" }, "geometry": { "type": "Point", "coordinates": [ 493662.899737199884839, 2009969.41831215377897, 0.0 ] } },
{ "type": "Feature", "properties": { "name": "ESC. SEC. JOAQUIN FERRER", "CAPACIDAD (PERSONAS)": "100.0", "LATITUD (GMS)": "18°10'34.66\" N", "LONGITUD (GMS)": "93°03'58.93\" W", "MUNICIPIO": "JALPA DE MENDEZ", "SUSCEPTIBILIDAD": "MUY BAJO" }, "geometry": { "type": "Point", "coordinates": [ 492980.97024811519077, 2009691.520583760924637, 0.0 ] } },
{ "type": "Feature", "properties": { "name": "JARDIN DE NIÑOS ESTEFANIA\nCASTAÑEDA", "CAPACIDAD (PERSONAS)": "75.0", "LATITUD (GMS)": "18°10'41.66\" N", "LONGITUD (GMS)": "93°04'01.87\" W", "MUNICIPIO": "JALPA DE MENDEZ", "SUSCEPTIBILIDAD": "MUY BAJO" }, "geometry": { "type": "Point", "coordinates": [ 492894.68073985731462, 2009906.681833864888176, 0.0 ] } },
{ "type": "Feature", "properties": { "name": "ESC. PRIMARIA JUAN ESCUTIA", "CAPACIDAD (PERSONAS)": "200.0", "LATITUD (GMS)": "18°14'12.09\" N", "LONGITUD (GMS)": "93°04'23.09\" W", "MUNICIPIO": "JALPA DE MENDEZ", "SUSCEPTIBILIDAD": "ALTO" }, "geometry": { "type": "Point", "coordinates": [ 492273.886346831684932, 2016374.05146864335984, 0.0 ] } },
{ "type": "Feature", "properties": { "name": "TELESEC. JOSE MARIA MORELOS\nY PAVON", "CAPACIDAD (PERSONAS)": "200.0", "LATITUD (GMS)": "18°20'19.79\" N", "LONGITUD (GMS)": "93°01'42.24\" W", "MUNICIPIO": "JALPA DE MENDEZ", "SUSCEPTIBILIDAD": "MUY ALTO" }, "geometry": { "type": "Point", "coordinates": [ 496999.295718618668616, 2027673.331028064247221, 0.0 ] } },
{ "type": "Feature", "properties": { "name": "ESC. PRIM. LEOVIGILDO FERRER", "CAPACIDAD (PERSONAS)": "200.0", "LATITUD (GMS)": "18°14'15.31\" N", "LONGITUD (GMS)": "93°04'54.98\" W", "MUNICIPIO": "JALPA DE MENDEZ", "SUSCEPTIBILIDAD": "ALTO" }, "geometry": { "type": "Point", "coordinates": [ 491337.422624126193114, 2016473.408313487190753, 0.0 ] } },
{ "type": "Feature", "properties": { "name": "ESC. PRIM NACIONES UNIDAS", "CAPACIDAD (PERSONAS)": "250.0", "LATITUD (GMS)": "18°15'15.10\" N", "LONGITUD (GMS)": "93°04'40.08\" W", "MUNICIPIO": "JALPA DE MENDEZ", "SUSCEPTIBILIDAD": "ALTO" }, "geometry": { "type": "Point", "coordinates": [ 491775.767293711134698, 2018310.747143108164892, 0.0 ] } },
{ "type": "Feature", "properties": { "name": "ESC. PRIM. DAMIAN CARMONA", "CAPACIDAD (PERSONAS)": "250.0", "LATITUD (GMS)": "18°13'35.48\" N", "LONGITUD (GMS)": "93°05'50.38\" W", "MUNICIPIO": "JALPA DE MENDEZ", "SUSCEPTIBILIDAD": "ALTO" }, "geometry": { "type": "Point", "coordinates": [ 489709.857929052901454, 2015250.108263300266117, 0.0 ] } },
{ "type": "Feature", "properties": { "name": "ESC. PRIM. VICENTE SUAREZ", "CAPACIDAD (PERSONAS)": "250.0", "LATITUD (GMS)": "18°09'08.24\" N", "LONGITUD (GMS)": "93°06'16.63\" W", "MUNICIPIO": "JALPA DE MENDEZ", "SUSCEPTIBILIDAD": "ALTO" }, "geometry": { "type": "Point", "coordinates": [ 488934.252253307495266, 2007037.473308643558994, 0.0 ] } },
{ "type": "Feature", "properties": { "name": "ESC. PRIM JUAN ESCUTIA", "CAPACIDAD (PERSONAS)": "250.0", "LATITUD (GMS)": "18°06'47.00\" N", "LONGITUD (GMS)": "93°03'08.38\" W", "MUNICIPIO": "JALPA DE MENDEZ", "SUSCEPTIBILIDAD": "ALTO" }, "geometry": { "type": "Point", "coordinates": [ 494463.984468614391517, 2002694.428601009538397, 0.0 ] } },
{ "type": "Feature", "properties": { "name": "ESC. PRIM. FCO. I MADERO", "CAPACIDAD (PERSONAS)": "250.0", "LATITUD (GMS)": "18°06'50.89\" N", "LONGITUD (GMS)": "93°03'18.96\" W", "MUNICIPIO": "JALPA DE MENDEZ", "SUSCEPTIBILIDAD": "ALTO" }, "geometry": { "type": "Point", "coordinates": [ 494153.100590912799817, 2002814.069280537310988, 0.0 ] } },
{ "type": "Feature", "properties": { "name": "ESC. PRIM. VICENTE GUERRERO.", "CAPACIDAD (PERSONAS)": "250.0", "LATITUD (GMS)": "18°07'01.69\" N", "LONGITUD (GMS)": "93°04'17.92\" W", "MUNICIPIO": "JALPA DE MENDEZ", "SUSCEPTIBILIDAD": "ALTO" }, "geometry": { "type": "Point", "coordinates": [ 492420.553130005835555, 2003146.57843179255724, 0.0 ] } },
{ "type": "Feature", "properties": { "name": "ESC. PRIM. MIGUEL HIDALGO Y\nCOSTILLA", "CAPACIDAD (PERSONAS)": "50.0", "LATITUD (GMS)": "18°05'24.82\" N", "LONGITUD (GMS)": "93°04'34.12\" W", "MUNICIPIO": "JALPA DE MENDEZ", "SUSCEPTIBILIDAD": "ALTO" }, "geometry": { "type": "Point", "coordinates": [ 491943.257120516442228, 2000169.701824459712952, 0.0 ] } },
{ "type": "Feature", "properties": { "name": "ESC. PRIM SIMON BOLIVAR", "CAPACIDAD (PERSONAS)": "250.0", "LATITUD (GMS)": "18°08'08.54\" N", "LONGITUD (GMS)": "93°01'57.64\" W", "MUNICIPIO": "JALPA DE MENDEZ", "SUSCEPTIBILIDAD": "MEDIO" }, "geometry": { "type": "Point", "coordinates": [ 496543.30041600682307, 2005199.889755096985027, 0.0 ] } },
{ "type": "Feature", "properties": { "name": "ESC. PRIM. ARCADIO ZENTELLA", "CAPACIDAD (PERSONAS)": "75.0", "LATITUD (GMS)": "18°09'00.53\" N", "LONGITUD (GMS)": "93°04'00.55\" W", "MUNICIPIO": "JALPA DE MENDEZ", "SUSCEPTIBILIDAD": "MEDIO" }, "geometry": { "type": "Point", "coordinates": [ 492932.327928445534781, 2006798.660257963929325, 0.0 ] } },
{ "type": "Feature", "properties": { "name": "ESC. PRIM EMILIANO ZAPATA", "CAPACIDAD (PERSONAS)": "200.0", "LATITUD (GMS)": "18°10'30.63\" N", "LONGITUD (GMS)": "93°04'50.78\" W", "MUNICIPIO": "JALPA DE MENDEZ", "SUSCEPTIBILIDAD": "MEDIO" }, "geometry": { "type": "Point", "coordinates": [ 491457.721247388864867, 2009568.277360910782591, 0.0 ] } },
{ "type": "Feature", "properties": { "name": "ESC. PRIMARIA JOSE MARIA\nMORELOS Y PAVON", "CAPACIDAD (PERSONAS)": "250.0", "LATITUD (GMS)": "18°11'46.58\" N", "LONGITUD (GMS)": "93°07'14.64\" W", "MUNICIPIO": "JALPA DE MENDEZ", "SUSCEPTIBILIDAD": "MEDIO" }, "geometry": { "type": "Point", "coordinates": [ 487233.059699448291212, 2011904.759282345185056, 0.0 ] } },
{ "type": "Feature", "properties": { "name": "ESC. SECUN. TECNICA NO.22", "CAPACIDAD (PERSONAS)": "100.0", "LATITUD (GMS)": "18°10'12.06\" N", "LONGITUD (GMS)": "93°06'56.11\" W", "MUNICIPIO": "JALPA DE MENDEZ", "SUSCEPTIBILIDAD": "MUY BAJO" }, "geometry": { "type": "Point", "coordinates": [ 487775.524367927457206, 2008999.536186199635267, 0.0 ] } },
{ "type": "Feature", "properties": { "name": "ESC. PRIM. IGNACIO ZARAGOSA", "CAPACIDAD (PERSONAS)": "200.0", "LATITUD (GMS)": "18°10'23.76\" N", "LONGITUD (GMS)": "93°10'32.63\" W", "MUNICIPIO": "JALPA DE MENDEZ", "SUSCEPTIBILIDAD": "MUY BAJO" }, "geometry": { "type": "Point", "coordinates": [ 481414.932393655355554, 2009364.15402769157663, 0.0 ] } },
{ "type": "Feature", "properties": { "name": "ESC. PRIM.\" MARTIN GARCIA\"", "CAPACIDAD (PERSONAS)": "250.0", "LATITUD (GMS)": "18°12'06.30\" N", "LONGITUD (GMS)": "93°08'27.21\" W", "MUNICIPIO": "JALPA DE MENDEZ", "SUSCEPTIBILIDAD": "MUY BAJO" }, "geometry": { "type": "Point", "coordinates": [ 485101.879964902123902, 2012512.333085761405528, 0.0 ] } },
{ "type": "Feature", "properties": { "name": "ESC. PRIM.\" JOSE N. ROVIROSA\"", "CAPACIDAD (PERSONAS)": "200.0", "LATITUD (GMS)": "18°16'47.99\" N", "LONGITUD (GMS)": "93°05'03.33\" W", "MUNICIPIO": "JALPA DE MENDEZ", "SUSCEPTIBILIDAD": "MUY BAJO" }, "geometry": { "type": "Point", "coordinates": [ 491094.372857119305991, 2021165.850297996308655, 0.0 ] } },
{ "type": "Feature", "properties": { "name": "ESC. PRIM. CORONEL\nXICOTENCALT", "CAPACIDAD (PERSONAS)": "250.0", "LATITUD (GMS)": "18°07'18.52\" N", "LONGITUD (GMS)": "93°05'26.75\" W", "MUNICIPIO": "JALPA DE MENDEZ", "SUSCEPTIBILIDAD": "MUY BAJO" }, "geometry": { "type": "Point", "coordinates": [ 490398.112366364104673, 2003664.700630992883816, 0.0 ] } },
{ "type": "Feature", "properties": { "name": "ESC. PRIM JOSE INGENIEROS", "CAPACIDAD (PERSONAS)": "200.0", "LATITUD (GMS)": "18°12'46.46\" N", "LONGITUD (GMS)": "93°03'47.62\" W", "MUNICIPIO": "JALPA DE MENDEZ", "SUSCEPTIBILIDAD": "MUY BAJO" }, "geometry": { "type": "Point", "coordinates": [ 493314.61915856419364, 2013741.998150754021481, 0.0 ] } },
{ "type": "Feature", "properties": { "name": "CBTA 144", "CAPACIDAD (PERSONAS)": "190.0", "LATITUD (GMS)": "18°06'12.01\" N", "LONGITUD (GMS)": "92°07'31.24\" W", "MUNICIPIO": "JONUTA", "SUSCEPTIBILIDAD": "ALTO" }, "geometry": { "type": "Point", "coordinates": [ 592542.167524707270786, 2001837.808667254634202, 0.0 ] } },
{ "type": "Feature", "properties": { "name": "ESCUELA PRIMARIA CAYETANO OCAMPO", "CAPACIDAD (PERSONAS)": "200.0", "LATITUD (GMS)": "18°05'33.57\" N", "LONGITUD (GMS)": "92°08'13.98\" W", "MUNICIPIO": "JONUTA", "SUSCEPTIBILIDAD": "ALTO" }, "geometry": { "type": "Point", "coordinates": [ 591291.486840129364282, 2000650.421149511588737, 0.0 ] } },
{ "type": "Feature", "properties": { "name": "ESCUELA PRIMARIA PROFESORA VIOLETA OJEDA DE ZURITA", "CAPACIDAD (PERSONAS)": "150.0", "LATITUD (GMS)": "18°05'31.35\" N", "LONGITUD (GMS)": "92°08'11.56\" W", "MUNICIPIO": "JONUTA", "SUSCEPTIBILIDAD": "ALTO" }, "geometry": { "type": "Point", "coordinates": [ 591362.938700101221912, 2000582.521400823723525, 0.0 ] } },
{ "type": "Feature", "properties": { "name": "ESCUELA PRIMARIA ANA MARIA VIDAL VIUDA DE CALDERON", "CAPACIDAD (PERSONAS)": "100.0", "LATITUD (GMS)": "18°05'25.38\" N", "LONGITUD (GMS)": "92°08'09.93\" W", "MUNICIPIO": "JONUTA", "SUSCEPTIBILIDAD": "ALTO" }, "geometry": { "type": "Point", "coordinates": [ 591411.709640147397295, 2000399.255463184090331, 0.0 ] } },
{ "type": "Feature", "properties": { "name": "ESCUELA DANIEL DELGADILLO", "CAPACIDAD (PERSONAS)": "120.0", "LATITUD (GMS)": "18°22'52.49\" N", "LONGITUD (GMS)": "92°00'52.59\" W", "MUNICIPIO": "JONUTA", "SUSCEPTIBILIDAD": "ALTO" }, "geometry": { "type": "Point", "coordinates": [ 604093.817880924791098, 2032648.373455103021115, 0.0 ] } },
{ "type": "Feature", "properties": { "name": "ESCUELA PRIMARIA GUSTAVO GARRIDO CANABAL", "CAPACIDAD (PERSONAS)": "200.0", "LATITUD (GMS)": "18°05'30.67\" N", "LONGITUD (GMS)": "92°08'08.80\" W", "MUNICIPIO": "JONUTA", "SUSCEPTIBILIDAD": "ALTO" }, "geometry": { "type": "Point", "coordinates": [ 591444.163229729281738, 2000562.001203465973958, 0.0 ] } },
{ "type": "Feature", "properties": { "name": "Esc. Prim. Jose concepcion leyva", "CAPACIDAD (PERSONAS)": "150.0", "LATITUD (GMS)": "18°12'18.66\" N", "LONGITUD (GMS)": "93°00'56.69\" W", "MUNICIPIO": "Nacajuca", "SUSCEPTIBILIDAD": "ALTO" }, "geometry": { "type": "Point", "coordinates": [ 498334.896390979818534, 2012886.541538310935721, 0.0 ] } },
{ "type": "Feature", "properties": { "name": "Esc. Prim. Josefa ortiz de dominguez", "CAPACIDAD (PERSONAS)": "150.0", "LATITUD (GMS)": "18°13'05.59\" N", "LONGITUD (GMS)": "93°01'56.93\" W", "MUNICIPIO": "Nacajuca", "SUSCEPTIBILIDAD": "ALTO" }, "geometry": { "type": "Point", "coordinates": [ 496565.77729147428181, 2014329.070717221358791, 0.0 ] } },
{ "type": "Feature", "properties": { "name": "Esc. Prim. \"guillermo prieto\"", "CAPACIDAD (PERSONAS)": "150.0", "LATITUD (GMS)": "18°15'13.40\" N", "LONGITUD (GMS)": "93°01'06.47\" W", "MUNICIPIO": "Nacajuca", "SUSCEPTIBILIDAD": "ALTO" }, "geometry": { "type": "Point", "coordinates": [ 498048.178746198187582, 2018256.85043862531893, 0.0 ] } },
{ "type": "Feature", "properties": { "name": "Esc. Primaria \"emiliano zapata\"", "CAPACIDAD (PERSONAS)": "150.0", "LATITUD (GMS)": "18°13'57.02\" N", "LONGITUD (GMS)": "93°01'30.70\" W", "MUNICIPIO": "Nacajuca", "SUSCEPTIBILIDAD": "MEDIO" }, "geometry": { "type": "Point", "coordinates": [ 497336.367256419383921, 2015909.54638879862614, 0.0 ] } },
{ "type": "Feature", "properties": { "name": "Esc. Prim. \"justo sierra\"", "CAPACIDAD (PERSONAS)": "25.0", "LATITUD (GMS)": "18°13'34.10\" N", "LONGITUD (GMS)": "93°01'31.12\" W", "MUNICIPIO": "Nacajuca", "SUSCEPTIBILIDAD": "MEDIO" }, "geometry": { "type": "Point", "coordinates": [ 497323.93556065345183, 2015205.148016950581223, 0.0 ] } },
{ "type": "Feature", "properties": { "name": "Esc. Prim. Netzahualcoyotl", "CAPACIDAD (PERSONAS)": "125.0", "LATITUD (GMS)": "18°14'11.72\" N", "LONGITUD (GMS)": "93°01'57.37\" W", "MUNICIPIO": "Nacajuca", "SUSCEPTIBILIDAD": "BAJO" }, "geometry": { "type": "Point", "coordinates": [ 496553.216265330207534, 2016361.445172736654058, 0.0 ] } },
{ "type": "Feature", "properties": { "name": "Esc. Prim. Benito juarez", "CAPACIDAD (PERSONAS)": "125.0", "LATITUD (GMS)": "18°14'56.55\" N", "LONGITUD (GMS)": "93°01'05.72\" W", "MUNICIPIO": "Nacajuca", "SUSCEPTIBILIDAD": "ALTO" }, "geometry": { "type": "Point", "coordinates": [ 498070.150028517469764, 2017738.996217921143398, 0.0 ] } },
{ "type": "Feature", "properties": { "name": "Esc. Prim. Jose maria morelos", "CAPACIDAD (PERSONAS)": "125.0", "LATITUD (GMS)": "18°10'42.16\" N", "LONGITUD (GMS)": "92°58'03.46\" W", "MUNICIPIO": "Nacajuca", "SUSCEPTIBILIDAD": "ALTO" }, "geometry": { "type": "Point", "coordinates": [ 503423.546257505542599, 2009921.050316162640229, 0.0 ] } },
{ "type": "Feature", "properties": { "name": "Esc. Prim. Cuauhtemoc", "CAPACIDAD (PERSONAS)": "125.0", "LATITUD (GMS)": "18°09'29.18\" N", "LONGITUD (GMS)": "92°59'37.67\" W", "MUNICIPIO": "Nacajuca", "SUSCEPTIBILIDAD": "ALTO" }, "geometry": { "type": "Point", "coordinates": [ 500656.054642831441015, 2007677.880661701783538, 0.0 ] } },
{ "type": "Feature", "properties": { "name": "Esc. Prim. Salvador diaz miron\"", "CAPACIDAD (PERSONAS)": "75.0", "LATITUD (GMS)": "18°10'00.01\" N", "LONGITUD (GMS)": "92°58'41.09\" W", "MUNICIPIO": "Nacajuca", "SUSCEPTIBILIDAD": "BAJO" }, "geometry": { "type": "Point", "coordinates": [ 502318.260177898977417, 2008625.499182714382187, 0.0 ] } },
{ "type": "Feature", "properties": { "name": "Escuela telesecundaria", "CAPACIDAD (PERSONAS)": "150.0", "LATITUD (GMS)": "18°12'45.56\" N", "LONGITUD (GMS)": "92°56'45.31\" W", "MUNICIPIO": "Nacajuca", "SUSCEPTIBILIDAD": "ALTO" }, "geometry": { "type": "Point", "coordinates": [ 505718.208399585157167, 2013714.029043751535937, 0.0 ] } },
{ "type": "Feature", "properties": { "name": "Esc. Prim. Andres zentella sastre", "CAPACIDAD (PERSONAS)": "125.0", "LATITUD (GMS)": "18°09'38.05\" N", "LONGITUD (GMS)": "92°55'54.42\" W", "MUNICIPIO": "Nacajuca", "SUSCEPTIBILIDAD": "ALTO" }, "geometry": { "type": "Point", "coordinates": [ 507215.032292049669195, 2007951.807897842489183, 0.0 ] } },
{ "type": "Feature", "properties": { "name": "Esc. Prim.  Felipe diaz contreras", "CAPACIDAD (PERSONAS)": "125.0", "LATITUD (GMS)": "18°09'14.17\" N", "LONGITUD (GMS)": "92°53'43.77\" W", "MUNICIPIO": "Nacajuca", "SUSCEPTIBILIDAD": "MEDIO" }, "geometry": { "type": "Point", "coordinates": [ 511053.891788040695246, 2007219.712029103189707, 0.0 ] } },
{ "type": "Feature", "properties": { "name": "Esc. Prim. Candelario salazar", "CAPACIDAD (PERSONAS)": "250.0", "LATITUD (GMS)": "18°03'53.37\" N", "LONGITUD (GMS)": "92°57'41.59\" W", "MUNICIPIO": "Nacajuca", "SUSCEPTIBILIDAD": "MUY ALTO" }, "geometry": { "type": "Point", "coordinates": [ 504068.634177163708955, 1997357.975580253638327, 0.0 ] } },
{ "type": "Feature", "properties": { "name": "Esc. Prim. Rafael jimenez", "CAPACIDAD (PERSONAS)": "125.0", "LATITUD (GMS)": "18°05'21.80\" N", "LONGITUD (GMS)": "92°56'57.80\" W", "MUNICIPIO": "Nacajuca", "SUSCEPTIBILIDAD": "MEDIO" }, "geometry": { "type": "Point", "coordinates": [ 505355.119417745911051, 2000075.961574089480564, 0.0 ] } },
{ "type": "Feature", "properties": { "name": "Esc. Prim. \"emiliano zapata i y ii\"", "CAPACIDAD (PERSONAS)": "150.0", "LATITUD (GMS)": "18°00'58.73\" N", "LONGITUD (GMS)": "92°57'29.01\" W", "MUNICIPIO": "Nacajuca", "SUSCEPTIBILIDAD": "ALTO" }, "geometry": { "type": "Point", "coordinates": [ 504439.646613821678329, 1991990.951448995852843, 0.0 ] } },
{ "type": "Feature", "properties": { "name": "Esc. Prim. \"guadalupe concha\"", "CAPACIDAD (PERSONAS)": "125.0", "LATITUD (GMS)": "18°10'05.02\" N", "LONGITUD (GMS)": "93°00'52.07\" W", "MUNICIPIO": "Nacajuca", "SUSCEPTIBILIDAD": "MEDIO" }, "geometry": { "type": "Point", "coordinates": [ 498470.271831214951817, 2008779.392391659785062, 0.0 ] } },
{ "type": "Feature", "properties": { "name": "Esc. Prim. Republica de panama", "CAPACIDAD (PERSONAS)": "150.0", "LATITUD (GMS)": "18°10'20.34\" N", "LONGITUD (GMS)": "93°01'23.22\" W", "MUNICIPIO": "Nacajuca", "SUSCEPTIBILIDAD": "MEDIO" }, "geometry": { "type": "Point", "coordinates": [ 497555.196938380831853, 2009250.312435180647299, 0.0 ] } },
{ "type": "Feature", "properties": { "name": "CENTRO CULTURAL", "CAPACIDAD (PERSONAS)": "250.0", "LATITUD (GMS)": "18°10'03.30\" N", "LONGITUD (GMS)": "93°01'18.43\" W", "MUNICIPIO": "Nacajuca", "SUSCEPTIBILIDAD": "MEDIO" }, "geometry": { "type": "Point", "coordinates": [ 497695.85350650921464, 2008726.608378110919148, 0.0 ] } },
{ "type": "Feature", "properties": { "name": "Esc. Prim. Juan f. Corzo", "CAPACIDAD (PERSONAS)": "175.0", "LATITUD (GMS)": "18°08'28.51\" N", "LONGITUD (GMS)": "93°00'17.40\" W", "MUNICIPIO": "Nacajuca", "SUSCEPTIBILIDAD": "MEDIO" }, "geometry": { "type": "Point", "coordinates": [ 499488.739594623679295, 2005813.321553325979039, 0.0 ] } },
{ "type": "Feature", "properties": { "name": "Instituto Tecnológico Superior de Macuspana", "CAPACIDAD (PERSONAS)": "270.0", "LATITUD (GMS)": "17°46'39.50\" N", "LONGITUD (GMS)": "92°36'28.91\" W", "MUNICIPIO": "MACUSPANA", "SUSCEPTIBILIDAD": "MEDIO" }, "geometry": { "type": "Point", "coordinates": [ 541546.874481089762412, 1965628.044559773057699, 0.0 ] } },
{ "type": "Feature", "properties": { "name": "Esc. Prim. \"José N. Rovirosa 1\"", "CAPACIDAD (PERSONAS)": "160.0", "LATITUD (GMS)": "17°45'38.84\" N", "LONGITUD (GMS)": "92°35'26.88\" W", "MUNICIPIO": "MACUSPANA", "SUSCEPTIBILIDAD": "MEDIO" }, "geometry": { "type": "Point", "coordinates": [ 543377.318621251382865, 1963767.729947459651157, 0.0 ] } },
{ "type": "Feature", "properties": { "name": "Esc. Prim. \"José N. Rovirosa 2\"", "CAPACIDAD (PERSONAS)": "100.0", "LATITUD (GMS)": "17°45'39.94\" N", "LONGITUD (GMS)": "92°35'27.72\" W", "MUNICIPIO": "MACUSPANA", "SUSCEPTIBILIDAD": "MEDIO" }, "geometry": { "type": "Point", "coordinates": [ 543352.510127718793228, 1963801.48143223230727, 0.0 ] } },
{ "type": "Feature", "properties": { "name": "Esc. Prim. \"José N. Rovirosa 3\"", "CAPACIDAD (PERSONAS)": "240.0", "LATITUD (GMS)": "17°45'53.68\" N", "LONGITUD (GMS)": "92°35'08.18\" W", "MUNICIPIO": "MACUSPANA", "SUSCEPTIBILIDAD": "ALTO" }, "geometry": { "type": "Point", "coordinates": [ 543926.958123256335966, 1964225.0025594686158, 0.0 ] } },
{ "type": "Feature", "properties": { "name": "Jardín de Niños \"Mis Blancas Mariposas\"", "CAPACIDAD (PERSONAS)": "", "LATITUD (GMS)": "17°45'49.37\" N", "LONGITUD (GMS)": "92°35'12.57\" W", "MUNICIPIO": "MACUSPANA", "SUSCEPTIBILIDAD": "ALTO" }, "geometry": { "type": "Point", "coordinates": [ 543797.983228560653515, 1964092.262077844934538, 0.0 ] } },
{ "type": "Feature", "properties": { "name": "CONALEP 053", "CAPACIDAD (PERSONAS)": "120.0", "LATITUD (GMS)": "17°46'09.18\" N", "LONGITUD (GMS)": "92°34'45.47\" W", "MUNICIPIO": "MACUSPANA", "SUSCEPTIBILIDAD": "MEDIO" }, "geometry": { "type": "Point", "coordinates": [ 544594.601366068120115, 1964702.838580511277542, 0.0 ] } },
{ "type": "Feature", "properties": { "name": "Esc. Prim. \"Francisco Gálves Gálves\"", "CAPACIDAD (PERSONAS)": "240.0", "LATITUD (GMS)": "17°45'36.18\" N", "LONGITUD (GMS)": "92°36'08.69\" W", "MUNICIPIO": "MACUSPANA", "SUSCEPTIBILIDAD": "MEDIO" }, "geometry": { "type": "Point", "coordinates": [ 542146.342877688701265, 1963683.338397752260789, 0.0 ] } },
{ "type": "Feature", "properties": { "name": "Esc. Prim. Melchor Ocampo", "CAPACIDAD (PERSONAS)": "240.0", "LATITUD (GMS)": "17°45'18.29\" N", "LONGITUD (GMS)": "92°36'10.87\" W", "MUNICIPIO": "MACUSPANA", "SUSCEPTIBILIDAD": "MEDIO" }, "geometry": { "type": "Point", "coordinates": [ 542083.311600681161508, 1963133.405433776089922, 0.0 ] } },
{ "type": "Feature", "properties": { "name": "Esc. Sec. Ignacio M. Altamirano", "CAPACIDAD (PERSONAS)": "240.0", "LATITUD (GMS)": "17°45'24.01\" N", "LONGITUD (GMS)": "92°35'37.41\" W", "MUNICIPIO": "MACUSPANA", "SUSCEPTIBILIDAD": "MEDIO" }, "geometry": { "type": "Point", "coordinates": [ 543068.234919538721442, 1963311.299381237011403, 0.0 ] } },
{ "type": "Feature", "properties": { "name": "IDIFTEC # 7", "CAPACIDAD (PERSONAS)": "180.0", "LATITUD (GMS)": "17°45'54.80\" N", "LONGITUD (GMS)": "92°34'42.71\" W", "MUNICIPIO": "MACUSPANA", "SUSCEPTIBILIDAD": "ALTO" }, "geometry": { "type": "Point", "coordinates": [ 544676.861442096414976, 1964261.091787660960108, 0.0 ] } },
{ "type": "Feature", "properties": { "name": "Esc. Prim. \"Emiliano M. Pérez Rosas\" Artículo 123", "CAPACIDAD (PERSONAS)": "260.0", "LATITUD (GMS)": "17°46'39.80\" N", "LONGITUD (GMS)": "92°36'30.88\" W", "MUNICIPIO": "MACUSPANA", "SUSCEPTIBILIDAD": "BAJO" }, "geometry": { "type": "Point", "coordinates": [ 541488.85158863500692, 1965637.143128706840798, 0.0 ] } },
{ "type": "Feature", "properties": { "name": "Esc. Prim. \"Gregorio Torres Quintero\"", "CAPACIDAD (PERSONAS)": "140.0", "LATITUD (GMS)": "17°46'49.39\" N", "LONGITUD (GMS)": "92°36'51.60\" W", "MUNICIPIO": "MACUSPANA", "SUSCEPTIBILIDAD": "BAJO" }, "geometry": { "type": "Point", "coordinates": [ 540878.177331817569211, 1965930.601060092449188, 0.0 ] } },
{ "type": "Feature", "properties": { "name": "Esc. Prim. \"Aquiles Serdán\"", "CAPACIDAD (PERSONAS)": "200.0", "LATITUD (GMS)": "17°48'25.73\" N", "LONGITUD (GMS)": "92°28'58.41\" W", "MUNICIPIO": "MACUSPANA", "SUSCEPTIBILIDAD": "BAJO" }, "geometry": { "type": "Point", "coordinates": [ 554802.249864574638195, 1968924.900924774585292, 0.0 ] } },
{ "type": "Feature", "properties": { "name": "Esc. Prim. \"Benito Juárez\"", "CAPACIDAD (PERSONAS)": "150.0", "LATITUD (GMS)": "17°50'01.23\" N", "LONGITUD (GMS)": "92°31'51.68\" W", "MUNICIPIO": "MACUSPANA", "SUSCEPTIBILIDAD": "MEDIO" }, "geometry": { "type": "Point", "coordinates": [ 549694.006420577643439, 1971846.433746673399583, 0.0 ] } },
{ "type": "Feature", "properties": { "name": "CECYTE", "CAPACIDAD (PERSONAS)": "150.0", "LATITUD (GMS)": "17°47'50.43\" N", "LONGITUD (GMS)": "92°29'09.00\" W", "MUNICIPIO": "MACUSPANA", "SUSCEPTIBILIDAD": "BAJO" }, "geometry": { "type": "Point", "coordinates": [ 554493.466757179819979, 1967839.180542545393109, 0.0 ] } },
{ "type": "Feature", "properties": { "name": "Esc. Josefa Ortiz de Domínguez", "CAPACIDAD (PERSONAS)": "150.0", "LATITUD (GMS)": "17°50'06.50\" N", "LONGITUD (GMS)": "92°28'30.36\" W", "MUNICIPIO": "MACUSPANA", "SUSCEPTIBILIDAD": "MEDIO" }, "geometry": { "type": "Point", "coordinates": [ 555619.332701857900247, 1972024.136089075123891, 0.0 ] } },
{ "type": "Feature", "properties": { "name": "ESC. PRIM. MELCHOR OCAMPO", "CAPACIDAD (PERSONAS)": "100.0", "LATITUD (GMS)": "18°25'31.91\" N", "LONGITUD (GMS)": "93°07'46.66\" W", "MUNICIPIO": "PARAISO", "SUSCEPTIBILIDAD": "ALTO" }, "geometry": { "type": "Point", "coordinates": [ 486310.545285421889275, 2037270.524310461245477, 0.0 ] } },
{ "type": "Feature", "properties": { "name": "ESC. PRIM. GRAL. MIGUEL ALEMÁN", "CAPACIDAD (PERSONAS)": "200.0", "LATITUD (GMS)": "18°25'55.69\" N", "LONGITUD (GMS)": "93°05'02.99\" W", "MUNICIPIO": "PARAISO", "SUSCEPTIBILIDAD": "MUY BAJO" }, "geometry": { "type": "Point", "coordinates": [ 491112.141905559808947, 2037998.539338966133073, 0.0 ] } },
{ "type": "Feature", "properties": { "name": "ESC. PRIM. JOSE C. JULIAN PALMA", "CAPACIDAD (PERSONAS)": "100.0", "LATITUD (GMS)": "18°26'19.72\" N", "LONGITUD (GMS)": "93°06'00.97\" W", "MUNICIPIO": "PARAISO", "SUSCEPTIBILIDAD": "ALTO" }, "geometry": { "type": "Point", "coordinates": [ 489411.773696332878899, 2038737.935330854263157, 0.0 ] } },
{ "type": "Feature", "properties": { "name": "ESC. PRIM. JOSE MARIA MORELOS", "CAPACIDAD (PERSONAS)": "100.0", "LATITUD (GMS)": "18°25'41.38\" N", "LONGITUD (GMS)": "93°05'35.81\" W", "MUNICIPIO": "PARAISO", "SUSCEPTIBILIDAD": "BAJO" }, "geometry": { "type": "Point", "coordinates": [ 490149.178483853524085, 2037559.211966696893796, 0.0 ] } },
{ "type": "Feature", "properties": { "name": "ESC. PRIM. PROF. OTILIO MONTAÑOS", "CAPACIDAD (PERSONAS)": "100.0", "LATITUD (GMS)": "18°25'20.10\" N", "LONGITUD (GMS)": "93°03'33.32\" W", "MUNICIPIO": "PARAISO", "SUSCEPTIBILIDAD": "MEDIO" }, "geometry": { "type": "Point", "coordinates": [ 493742.15005575271789, 2036903.688372473465279, 0.0 ] } },
{ "type": "Feature", "properties": { "name": "ESC. TELESECUNDARIA ING. LEANDRO ROVIROSA WADE", "CAPACIDAD (PERSONAS)": "100.0", "LATITUD (GMS)": "18°24'48.25\" N", "LONGITUD (GMS)": "93°00'41.20\" W", "MUNICIPIO": "PARAISO", "SUSCEPTIBILIDAD": "ALTO" }, "geometry": { "type": "Point", "coordinates": [ 498791.315583767252974, 2035923.838997211772949, 0.0 ] } },
{ "type": "Feature", "properties": { "name": "ESC. TELESECUNDARIA ALFREDO RODRIGUEZ ROCHER", "CAPACIDAD (PERSONAS)": "200.0", "LATITUD (GMS)": "18°25'35.17\" N", "LONGITUD (GMS)": "93°21'34.97\" W", "MUNICIPIO": "PARAISO", "SUSCEPTIBILIDAD": "MEDIO" }, "geometry": { "type": "Point", "coordinates": [ 462012.124399642692879, 2037403.514236657414585, 0.0 ] } },
{ "type": "Feature", "properties": { "name": "JARDIN DE NIÑOS SAMUEL MAGAÑA CORTES", "CAPACIDAD (PERSONAS)": "100.0", "LATITUD (GMS)": "18°23'27.13\" N", "LONGITUD (GMS)": "93°12'55.27\" W", "MUNICIPIO": "PARAISO", "SUSCEPTIBILIDAD": "MEDIO" }, "geometry": { "type": "Point", "coordinates": [ 477252.902478421106935, 2033444.183233615942299, 0.0 ] } },
{ "type": "Feature", "properties": { "name": "ESC. PRIM. VALENTIN GOMEZ FARIAS", "CAPACIDAD (PERSONAS)": "80.0", "LATITUD (GMS)": "18°24'37.13\" N", "LONGITUD (GMS)": "93°13'24.43\" W", "MUNICIPIO": "PARAISO", "SUSCEPTIBILIDAD": "MEDIO" }, "geometry": { "type": "Point", "coordinates": [ 476399.967707232746761, 2035596.577596252318472, 0.0 ] } },
{ "type": "Feature", "properties": { "name": "IGLESIA PRESBISTERIANA EBEN- EZER", "CAPACIDAD (PERSONAS)": "50.0", "LATITUD (GMS)": "18°24'41.88\" N", "LONGITUD (GMS)": "93°13'36.27\" W", "MUNICIPIO": "PARAISO", "SUSCEPTIBILIDAD": "MEDIO" }, "geometry": { "type": "Point", "coordinates": [ 476052.791730721888598, 2035742.993961756816134, 0.0 ] } },
{ "type": "Feature", "properties": { "name": "ESC. SEC. LEONOR DE LA CRUZ SEVILLA", "CAPACIDAD (PERSONAS)": "80.0", "LATITUD (GMS)": "18°18'31.65\" N", "LONGITUD (GMS)": "93°16'56.71\" W", "MUNICIPIO": "PARAISO", "SUSCEPTIBILIDAD": "MEDIO" }, "geometry": { "type": "Point", "coordinates": [ 470154.709504580765497, 2024372.706096086185426, 0.0 ] } },
{ "type": "Feature", "properties": { "name": "ESC. TELESECUNDARIA CARLOS A. MADRAZO BECERRA", "CAPACIDAD (PERSONAS)": "100.0", "LATITUD (GMS)": "18°19'59.96\" N", "LONGITUD (GMS)": "93°15'18.35\" W", "MUNICIPIO": "PARAISO", "SUSCEPTIBILIDAD": "MUY BAJO" }, "geometry": { "type": "Point", "coordinates": [ 473045.859626023564488, 2027082.529098440194502, 0.0 ] } },
{ "type": "Feature", "properties": { "name": "ESC. GENERAL SOSTENES ROCHA", "CAPACIDAD (PERSONAS)": "100.0", "LATITUD (GMS)": "18°21'25.85\" N", "LONGITUD (GMS)": "93°15'29.16\" W", "MUNICIPIO": "PARAISO", "SUSCEPTIBILIDAD": "MEDIO" }, "geometry": { "type": "Point", "coordinates": [ 472732.320370837929659, 2029722.68573833280243, 0.0 ] } },
{ "type": "Feature", "properties": { "name": "ESC.PRIMARIA GABINO BARRERA", "CAPACIDAD (PERSONAS)": "120.0", "LATITUD (GMS)": "18°20'04.37\" N", "LONGITUD (GMS)": "93°12'23.29\" W", "MUNICIPIO": "PARAISO", "SUSCEPTIBILIDAD": "MEDIO" }, "geometry": { "type": "Point", "coordinates": [ 478184.152585402131081, 2027211.5538843809627, 0.0 ] } },
{ "type": "Feature", "properties": { "name": "ESC. AUGUSTO HDEZ. OLIVE", "CAPACIDAD (PERSONAS)": "120.0", "LATITUD (GMS)": "18°19'58.47\" N", "LONGITUD (GMS)": "93°12'12.15\" W", "MUNICIPIO": "PARAISO", "SUSCEPTIBILIDAD": "MEDIO" }, "geometry": { "type": "Point", "coordinates": [ 478510.914531298389193, 2027029.858515382278711, 0.0 ] } },
{ "type": "Feature", "properties": { "name": "ESC. VENUSTIANO CARRANZA.", "CAPACIDAD (PERSONAS)": "120.0", "LATITUD (GMS)": "18°22'48.23\" N", "LONGITUD (GMS)": "93°13'56.46\" W", "MUNICIPIO": "PARAISO", "SUSCEPTIBILIDAD": "ALTO" }, "geometry": { "type": "Point", "coordinates": [ 475455.99771478009643, 2032250.855710805859417, 0.0 ] } },
{ "type": "Feature", "properties": { "name": "ESC. PRIM. DALILA HDEZ. OLIVE,", "CAPACIDAD (PERSONAS)": "200.0", "LATITUD (GMS)": "18°20'36.90\" N", "LONGITUD (GMS)": "93°12'52.46\" W", "MUNICIPIO": "PARAISO", "SUSCEPTIBILIDAD": "MEDIO" }, "geometry": { "type": "Point", "coordinates": [ 477329.176740861556027, 2028212.304559423821047, 0.0 ] } },
{ "type": "Feature", "properties": { "name": "ESC. PRIM. BENITO JUAREZ", "CAPACIDAD (PERSONAS)": "120.0", "LATITUD (GMS)": "18°20'02.25\" N", "LONGITUD (GMS)": "93°10'39.21\" W", "MUNICIPIO": "PARAISO", "SUSCEPTIBILIDAD": "MUY BAJO" }, "geometry": { "type": "Point", "coordinates": [ 481238.885647003480699, 2027143.178630916168913, 0.0 ] } },
{ "type": "Feature", "properties": { "name": "ESC. PREPARATORIA AUGUSTO HERNANDEZ OLIVE", "CAPACIDAD (PERSONAS)": "200.0", "LATITUD (GMS)": "18°23'29.98\" N", "LONGITUD (GMS)": "93°12'59.13\" W", "MUNICIPIO": "PARAISO", "SUSCEPTIBILIDAD": "ALTO" }, "geometry": { "type": "Point", "coordinates": [ 477139.750669058819767, 2033531.908866891404614, 0.0 ] } },
{ "type": "Feature", "properties": { "name": "ESC. PRIMARIA GENERAL ISIDRO CORTEZ", "CAPACIDAD (PERSONAS)": "80.0", "LATITUD (GMS)": "18°18'35.93\" N", "LONGITUD (GMS)": "93°08'35.48\" W", "MUNICIPIO": "PARAISO", "SUSCEPTIBILIDAD": "MUY BAJO" }, "geometry": { "type": "Point", "coordinates": [ 484868.342058505921159, 2024487.077583933016285, 0.0 ] } },
{ "type": "Feature", "properties": { "name": "ESC. PRIMARIA JUSTO SIERRA MENDEZ", "CAPACIDAD (PERSONAS)": "80.0", "LATITUD (GMS)": "18°19'42.94\" N", "LONGITUD (GMS)": "93°10'07.83\" W", "MUNICIPIO": "PARAISO", "SUSCEPTIBILIDAD": "MUY BAJO" }, "geometry": { "type": "Point", "coordinates": [ 482159.355594440363348, 2026548.840513308066875, 0.0 ] } },
{ "type": "Feature", "properties": { "name": "ESC. PRIMARIA FRANCISCO VILLA", "CAPACIDAD (PERSONAS)": "80.0", "LATITUD (GMS)": "18°16'50.28\" N", "LONGITUD (GMS)": "93°07'26.61\" W", "MUNICIPIO": "PARAISO", "SUSCEPTIBILIDAD": "ALTO" }, "geometry": { "type": "Point", "coordinates": [ 486887.782304851745721, 2021238.627995447488502, 0.0 ] } },
{ "type": "Feature", "properties": { "name": "ESC. PRIMARIA NIÑOS HEROES", "CAPACIDAD (PERSONAS)": "80.0", "LATITUD (GMS)": "18°17'34.51\" N", "LONGITUD (GMS)": "93°08'47.94\" W", "MUNICIPIO": "PARAISO", "SUSCEPTIBILIDAD": "MUY BAJO" }, "geometry": { "type": "Point", "coordinates": [ 484501.067182370985392, 2022599.729066189611331, 0.0 ] } },
{ "type": "Feature", "properties": { "name": "ESCUELA PRIMARIA  URBANA JUAN HERANDEZ DE LA CRUZ", "CAPACIDAD (PERSONAS)": "100.0", "LATITUD (GMS)": "18°23'48.54\" N", "LONGITUD (GMS)": "93°12'41.10\" W", "MUNICIPIO": "PARAISO", "SUSCEPTIBILIDAD": "MEDIO" }, "geometry": { "type": "Point", "coordinates": [ 477669.430315052042715, 2034101.702859391458333, 0.0 ] } },
{ "type": "Feature", "properties": { "name": "COBATAB PLANTEL 34", "CAPACIDAD (PERSONAS)": "300.0", "LATITUD (GMS)": "18°23'55.97\" N", "LONGITUD (GMS)": "93°12'12.67\" W", "MUNICIPIO": "PARAISO", "SUSCEPTIBILIDAD": "MEDIO" }, "geometry": { "type": "Point", "coordinates": [ 478503.821504246094264, 2034329.100893451832235, 0.0 ] } },
{ "type": "Feature", "properties": { "name": "ESC. SEC. TEC. NO. 31", "CAPACIDAD (PERSONAS)": "150.0", "LATITUD (GMS)": "18°23'30.57\" N", "LONGITUD (GMS)": "93°13'09.66\" W", "MUNICIPIO": "PARAISO", "SUSCEPTIBILIDAD": "MEDIO" }, "geometry": { "type": "Point", "coordinates": [ 476830.81338991317898, 2033550.412447367561981, 0.0 ] } },
{ "type": "Feature", "properties": { "name": "ESC. PRIM. ABIAS DOMINGUEZ ALEJANDRO", "CAPACIDAD (PERSONAS)": "150.0", "LATITUD (GMS)": "18°24'53.51\" N", "LONGITUD (GMS)": "93°12'01.09\" W", "MUNICIPIO": "PARAISO", "SUSCEPTIBILIDAD": "MEDIO" }, "geometry": { "type": "Point", "coordinates": [ 478845.526294785318896, 2036097.140517581021413, 0.0 ] } },
{ "type": "Feature", "properties": { "name": "ESC. PRIMARIA CARMELA FIGUERO", "CAPACIDAD (PERSONAS)": "150.0", "LATITUD (GMS)": "18°23'44.18\" N", "LONGITUD (GMS)": "93°13'04.07\" W", "MUNICIPIO": "PARAISO", "SUSCEPTIBILIDAD": "MEDIO" }, "geometry": { "type": "Point", "coordinates": [ 476995.330334317986853, 2033968.500589607283473, 0.0 ] } },
{ "type": "Feature", "properties": { "name": "ESC. PRIMARIA URBANA JUAN HERNANDEZ DE LA CRUZ", "CAPACIDAD (PERSONAS)": "200.0", "LATITUD (GMS)": "18°23'45.71\" N", "LONGITUD (GMS)": "93°12'45.46\" W", "MUNICIPIO": "PARAISO", "SUSCEPTIBILIDAD": "MEDIO" }, "geometry": { "type": "Point", "coordinates": [ 477541.406175840587821, 2034014.875904220156372, 0.0 ] } },
{ "type": "Feature", "properties": { "name": "Esc. Primaria José María Morelos Y Pavón", "CAPACIDAD (PERSONAS)": "100.0", "LATITUD (GMS)": "17°40'27.17\" N", "LONGITUD (GMS)": "92°49'50.43\" W", "MUNICIPIO": "TACOTALPA", "SUSCEPTIBILIDAD": "BAJO" }, "geometry": { "type": "Point", "coordinates": [ 517957.837236010353081, 1954150.490180276101455, 0.0 ] } },
{ "type": "Feature", "properties": { "name": "COBATAD No. 45", "CAPACIDAD (PERSONAS)": "150.0", "LATITUD (GMS)": "17°25'45.32\" N", "LONGITUD (GMS)": "92°37'23.47\" W", "MUNICIPIO": "TACOTALPA", "SUSCEPTIBILIDAD": "ALTO" }, "geometry": { "type": "Point", "coordinates": [ 540017.10033924842719, 1927081.848650205880404, 0.0 ] } },
{ "type": "Feature", "properties": { "name": "Esc. Primaria Emiliano Zapata", "CAPACIDAD (PERSONAS)": "160.0", "LATITUD (GMS)": "17°24'16.60\" N", "LONGITUD (GMS)": "92°41'04.48\" W", "MUNICIPIO": "TACOTALPA", "SUSCEPTIBILIDAD": "ALTO" }, "geometry": { "type": "Point", "coordinates": [ 533501.825461002066731, 1924343.613305682549253, 0.0 ] } },
{ "type": "Feature", "properties": { "name": "Esc. Primaria Francisco J. Santa María", "CAPACIDAD (PERSONAS)": "170.0", "LATITUD (GMS)": "17°25'39.20\" N", "LONGITUD (GMS)": "92°43'22.64\" W", "MUNICIPIO": "TACOTALPA", "SUSCEPTIBILIDAD": "MUY BAJO" }, "geometry": { "type": "Point", "coordinates": [ 529421.918776544276625, 1926875.667424814775586, 0.0 ] } },
{ "type": "Feature", "properties": { "name": "COBATAD No. 19", "CAPACIDAD (PERSONAS)": "220.0", "LATITUD (GMS)": "17°22'56.49\" N", "LONGITUD (GMS)": "92°44'32.93\" W", "MUNICIPIO": "TACOTALPA", "SUSCEPTIBILIDAD": "BAJO" }, "geometry": { "type": "Point", "coordinates": [ 527355.088421416701749, 1921872.585738, 0.0 ] } },
{ "type": "Feature", "properties": { "name": "Esc. Secundaria Técnica No. 23", "CAPACIDAD (PERSONAS)": "270.0", "LATITUD (GMS)": "17°22'57.52\" N", "LONGITUD (GMS)": "92°44'36.85\" W", "MUNICIPIO": "TACOTALPA", "SUSCEPTIBILIDAD": "BAJO" }, "geometry": { "type": "Point", "coordinates": [ 527239.37787594110705, 1921904.083253007149324, 0.0 ] } },
{ "type": "Feature", "properties": { "name": "Esc. Primaria Coronel Lino Merino", "CAPACIDAD (PERSONAS)": "350.0", "LATITUD (GMS)": "17°35'29.57\" N", "LONGITUD (GMS)": "92°49'28.47\" W", "MUNICIPIO": "TACOTALPA", "SUSCEPTIBILIDAD": "ALTO" }, "geometry": { "type": "Point", "coordinates": [ 518613.259204253845382, 1945005.469920445699245, 0.0 ] } },
{ "type": "Feature", "properties": { "name": "Esc. Primaria Lanz Casal", "CAPACIDAD (PERSONAS)": "200.0", "LATITUD (GMS)": "17°35'56.48\" N", "LONGITUD (GMS)": "92°49'44.47\" W", "MUNICIPIO": "TACOTALPA", "SUSCEPTIBILIDAD": "BAJO" }, "geometry": { "type": "Point", "coordinates": [ 518140.939583472267259, 1945832.012913548387587, 0.0 ] } },
{ "type": "Feature", "properties": { "name": "COBATAB # 9", "CAPACIDAD (PERSONAS)": "150.0", "LATITUD (GMS)": "17°33'41.72\" N", "LONGITUD (GMS)": "92°57'00.15\" W", "MUNICIPIO": "TEAPA", "SUSCEPTIBILIDAD": "MEDIO" }, "geometry": { "type": "Point", "coordinates": [ 505301.63546072691679, 1941683.224960770457983, 0.0 ] } },
{ "type": "Feature", "properties": { "name": "ESCUELA URBANA LORENZO CALZADA", "CAPACIDAD (PERSONAS)": "100.0", "LATITUD (GMS)": "17°32'59.61\" N", "LONGITUD (GMS)": "92°57'06.11\" W", "MUNICIPIO": "TEAPA", "SUSCEPTIBILIDAD": "BAJO" }, "geometry": { "type": "Point", "coordinates": [ 505126.275047905917745, 1940389.102513143327087, 0.0 ] } },
{ "type": "Feature", "properties": { "name": "ESC. PRIM. GREGORIO BELTRAN BASTAR", "CAPACIDAD (PERSONAS)": "100.0", "LATITUD (GMS)": "17°33'01.87\" N", "LONGITUD (GMS)": "92°56'58.02\" W", "MUNICIPIO": "TEAPA", "SUSCEPTIBILIDAD": "MEDIO" }, "geometry": { "type": "Point", "coordinates": [ 505364.749720739549957, 1940458.616282612551004, 0.0 ] } }
]
}
